"","baseMean","log2FoldChange","lfcSE","stat","pvalue","padj"
"KSHV_vIRF-2",29.9169004059785,-0.447736845888688,0.459914083816731,-0.973522798373585,0.330293534951596,0.667394240357065
"CCNO",48.1696434209606,-0.0792656941995966,0.286495896176779,-0.276673052764032,0.782031165205736,0.932564876921752
"MYC",1641.59276400959,-0.293310108511867,0.16145776303252,-1.81663676619124,0.0692727499241224,0.34722428067557
"CD79A",62.8264801156871,0.48797673798807,0.349656577411616,1.39558861326273,0.1628384133309,0.501069604218163
"FSTL3",22.9073892359764,-0.188230965079599,0.159854681591759,-1.17751299621182,0.238990813378591,0.606406076411284
"VCAN",12867.4251892522,-0.0690342712723442,0.228383127391221,-0.302273955440185,0.762443230818499,0.930840631113649
"CX3CL1",1082.54030372401,0.0413179725921088,0.216593835415854,0.190762458741171,0.848711702088081,0.959807883962332
"ERBB2",505.155760589603,-0.153744623506481,0.22155799023636,-0.69392497802704,0.487729258302069,0.78340265651944
"FAM124B",55.1535272215185,0.0821849888759191,0.220641030756777,0.372482799749587,0.709533415994184,0.910323476482204
"AKT1",1150.17004320392,-0.181635332582081,0.159777860619907,-1.13679912772252,0.255622268092678,0.612128101931131
"KDR",597.495824167114,-0.16434752348069,0.262520347108007,-0.626037277838408,0.531290490648563,0.800272142378989
"EGF",7.78413340899161,-0.592656851646754,0.327430209630937,-1.8100249586462,0.0702919167738751,0.349724515191128
"MAGEA12",9.44227893279383,0.532917517561679,0.349772477523183,1.52361192434404,0.127605682647119,0.451656955685197
"IFNA1",16.5083848550073,0.499241597359508,0.362346896939202,1.37780011799929,0.168265009594947,0.501069604218163
"TGFB3",2415.89857425213,0.0342360411257243,0.220977260779813,0.154930154373838,0.876876380913487,0.963527996097178
"MFGE8",1090.07821561796,-0.269419141853803,0.208809089253266,-1.29026539418034,0.196958527820165,0.551583890902259
"CXCL2",14.7943199959474,-0.295074074999995,0.289991451023993,-1.01752680624913,0.308902886787277,0.649178723013888
"CCND2",376.180814552043,0.0840166511475939,0.313185212073509,0.268265064596582,0.788495295337269,0.935285609123067
"PDZK1IP1",263.898698414943,0.419071959310296,0.358164918711962,1.17005306052131,0.241979616513895,0.606406076411284
"JAG2",95.4115571196247,0.110438951350496,0.267358406298903,0.413074542444075,0.679552000437997,0.891704820086932
"C5",37.5204123603817,-0.323572177140805,0.165429295104716,-1.95595451782579,0.0504705121833782,0.320048289242025
"CD79B",26.0393702686442,0.211723458967583,0.215658525546534,0.981753252884489,0.326221423263336,0.666495953896104
"CXCR2",106.681238642742,0.24315692626191,0.347657959504841,0.699414236361023,0.484293193434248,0.781649214202877
"PSMB10",800.104271981224,-0.00192792195494595,0.19351069273235,-0.00996287041157207,0.992050911020366,0.996225200195325
"ZEB1",4511.48312471501,-0.416297748605246,0.210059398106607,-1.98180968029801,0.0475005456222199,0.314087350184748
"ANLN",324.881863810507,-0.470786277133415,0.267637382604515,-1.75904528938355,0.078569816408383,0.356212594615534
"TAF3",570.329600355582,-0.352000277281923,0.184551768849512,-1.90732540509515,0.0564784623518836,0.332802632937065
"CD276",7364.68934762501,-0.363387410277556,0.206490934208716,-1.75982258819292,0.0784378919264744,0.356212594615534
"ICAM1",377.857788036753,0.170101304241215,0.151595741325452,1.12207178614625,0.261831918814165,0.613563067155031
"IL16",248.201094952556,-0.16467833487508,0.172440317628598,-0.954987424865247,0.33958405629418,0.672620742212218
"CXCL3",60.1657542710978,0.448841418902363,0.406652489569022,1.10374688564689,0.269702950998835,0.616573035286289
"PRR5",129.741084867787,-0.26447283882191,0.165115757522772,-1.60174197054109,0.10921267997734,0.425771172665283
"CTSW",500.478719973161,-0.0822127219459376,0.260941349947192,-0.315062070318006,0.752714526479162,0.930840631113649
"CXCR4",934.642978114872,0.426566417029772,0.388791946041935,1.09715857381408,0.27257207876233,0.621371942263277
"IFNGR2",613.789260390876,-0.120294012874968,0.169994482992281,-0.707634805303829,0.479172072893728,0.778052037877744
"CDH11",819.156210320117,0.154099554467716,0.229014496177949,0.672881223850467,0.501022858304215,0.792875939626768
"COL6A3",5683.73903028836,0.0301784321712087,0.203065805952559,0.148614051635356,0.881858184544905,0.963527996097178
"GZMK",325.491580287516,0.712890488360784,0.338268547495477,2.1074690320427,0.0350769432979613,0.282645465721482
"IRF2",2973.90601691008,-0.26532715012664,0.148699237325949,-1.78432085394656,0.0743715435064242,0.353046091821673
"RPL7A",8399.5655362886,-0.409035410122439,0.193495051716004,-2.11393214707521,0.0345210630691794,0.282645465721482
"GPR160",96.6428294584939,-0.500749461895408,0.218818763576471,-2.28842103716764,0.0221130136947231,0.282645465721482
"MICA",643.78238208658,-0.488167549600004,0.375760318762113,-1.29914609187101,0.193893797704813,0.546389368539832
"TAPBPL",528.824946784036,0.0254778278425415,0.172141230694524,0.148005377559741,0.882338524307082,0.963527996097178
"KSHV_K2",72.9715581106221,-0.0782538509013908,0.367928206056593,-0.212687827715372,0.831570461626887,0.951415852877997
"CXCL14",8718.20150142418,0.0297175217202206,0.287548773977771,0.103347760135183,0.917686971416081,0.971632455999348
"CD14",670.386867580037,-0.133525259179695,0.211539030999268,-0.631208616910782,0.527904128503653,0.797787699817318
"IL18",162.756050569776,-0.162921445213042,0.244310174724027,-0.666863119381248,0.504859570457703,0.794194295047498
"CLEC14A",741.332797355799,-0.105822207740283,0.187716345945862,-0.563734645520971,0.572934735287388,0.830053595849054
"HMGB1",175.963216722174,0.00972325850506189,0.179153932708095,0.0542732071693034,0.956717495663901,0.987303093351366
"KIF2C",43.57164916623,-0.538095209714808,0.245534938408198,-2.19152196100187,0.0284140423096416,0.282645465721482
"RNLS",92.72709823221,-0.0694226400297513,0.241657793884872,-0.287276644025084,0.773900504650208,0.930840631113649
"RPTOR",444.231150315945,-0.271829837379552,0.134910167734337,-2.01489511090696,0.0439156403896881,0.308065925410589
"CD68",5511.18510985194,0.252667403994208,0.233168492727662,1.08362584086058,0.278530728612179,0.626841007602082
"CCL13",68.864187021333,0.395271575085041,0.301690022739614,1.31019107458584,0.190131204385483,0.54217626126885
"CYBB",170.220773739459,0.366723390629677,0.215202536991496,1.70408488559857,0.0883652298959416,0.380470892626978
"PLA2G2A",1759.24851519425,0.242149880964781,0.616570363335885,0.39273681539712,0.694513876265384,0.901081508273577
"FGF13",82.4479415539933,-0.224837894014704,0.230714799374473,-0.974527401901818,0.329794740325174,0.667394240357065
"CNTFR",69.0970719590283,-0.556260962384089,0.399603863531642,-1.39203099156233,0.16391301335504,0.501069604218163
"CD244",56.1454063583379,0.252418847177727,0.287925824681816,0.876680122238677,0.380660406464431,0.714906404962128
"CSF2RB",517.333315229337,0.227183392878751,0.120104986290287,1.89154005920838,0.0585522887545499,0.340360312901524
"MAP3K7",734.889945039491,-0.142632964662994,0.121035464904583,-1.17843943323089,0.238621464840412,0.606406076411284
"FASLG",4.15872137571725,-0.0655906919352151,0.358289369529987,-0.183066251787651,0.854746035420341,0.961976742883745
"CD209",334.372793612072,0.13797211170976,0.333298226406318,0.413959933712821,0.678903449838555,0.891704820086932
"IRF7",1658.977329487,-0.30749274306315,0.207277805082375,-1.4834812774139,0.137946587180493,0.467491528059281
"PTCD2",137.80083892281,-0.030989871986281,0.182191017547853,-0.170095498688026,0.864935033459672,0.963527996097178
"PIK3R2",1090.39507705386,-0.158669698919183,0.176406584035876,-0.899454517451081,0.368410611668058,0.702854287508565
"LILRA5",38.2074830470649,0.341704826234305,0.327675067468549,1.04281607042654,0.297033486928859,0.637159239030431
"IL32",1678.25153727563,0.616781363883631,0.296585970461698,2.07960397763752,0.0375618718571062,0.285966326308346
"CCND3",203.414070186982,-0.0242465590529302,0.163070426957974,-0.148687652968364,0.88180010443596,0.963527996097178
"BIRC5",131.940307917822,-0.495697915255461,0.337329634693392,-1.46947633493871,0.141703635994418,0.472540637386343
"LGALS9",462.487461243347,-0.0205215711673512,0.264068406994674,-0.07771308730531,0.938056283427732,0.977149004723898
"RASAL1",34.6050649329224,0.312891139068881,0.28091050915965,1.11384632780348,0.265345118261593,0.613563067155031
"PDCD1LG2",155.671817225204,0.191034661524127,0.22063330368504,0.865846897696069,0.386574127060703,0.717910601721417
"IL11",39.9330986855034,0.408499467579389,0.361539470244997,1.12988899193377,0.258523003005168,0.613563067155031
"PRKX",27.4315130405608,0.128357071223589,0.175645370189394,0.730774008362329,0.464917201943145,0.771992143967321
"SNCA",254.075266728839,-0.360405257750623,0.227588672866518,-1.58358170119479,0.113288940806471,0.434982019162553
"ADGRE1",11.0434655304059,0.366714642580911,0.315843968255582,1.16106267473237,0.245616412404146,0.606406076411284
"KSHV_ORF64",50.5012677134589,-0.225743232319988,0.508616607088104,-0.443837714250814,0.657159919175144,0.883025747875392
"PSMB9",136.238445988129,-0.0883547729032276,0.215697168663303,-0.409624166375344,0.682081666543928,0.892123022529902
"RUNX3",601.834079425033,0.361111230152547,0.239959168536046,1.504886153572,0.132353348761213,0.462377283334627
"PGPEP1",319.020316966558,-0.175208551016145,0.233086053539632,-0.751690409423635,0.452237259230792,0.767511726018606
"MELK",25.6155973794525,0.107525238753502,0.331012726097134,0.324837174755479,0.745304307556901,0.926749732200954
"ISG15",32.4645853775342,0.0109893726564917,0.383365860895127,0.0286654962724967,0.977131375038187,0.992551090121595
"EIF2B4",113.590288862654,-0.0331986655161805,0.12849528857961,-0.258364846549312,0.796125344171361,0.93984281781066
"IRF9",638.201970957322,0.0139810917204175,0.165699291186963,0.0843762916562039,0.932757256573213,0.977149004723898
"IL1A",20.6711418792442,0.618123535379366,0.360903375132846,1.71271198323329,0.0867655394660337,0.37848535323832
"FCRL2",10.1346824195172,0.27660940822234,0.297790946323079,0.928871114577945,0.352955884243082,0.683058509794165
"EIF4EBP1",1198.20807004785,-0.446639809178174,0.197616572879397,-2.26013336164246,0.023812975145419,0.282645465721482
"LTBP1",388.567482401852,-0.0237354973362102,0.173661703340992,-0.136676635548164,0.891286398326704,0.964260378655279
"CD40LG",65.6954142740444,0.395246583788977,0.234944781723141,1.68229564789711,0.0925115246365756,0.390873300427835
"HEY1",209.145328170602,0.0383179507567919,0.257372260180124,0.148881432404466,0.881647192708419,0.963527996097178
"HLA-DQA1",2541.05262634238,0.210242947580512,0.728306111408043,0.288673875294066,0.772830956455766,0.930840631113649
"PRLR",77.2980983137733,-0.130274908014472,0.288235177812193,-0.451974353038046,0.651287458717287,0.881798228426233
"TNFRSF11A",292.037768311718,-0.535625083599158,0.344838449398109,-1.55326380957243,0.120360122506815,0.443518807593606
"AREG",13.2666009637417,-0.11958190610215,0.398334448591748,-0.30020478149684,0.764020958085737,0.930840631113649
"BBC3",39.8353516792021,0.0554173273450053,0.237386047017435,0.233448124021102,0.81541344771538,0.946818204757283
"EDN1",168.414959317805,0.422211532798469,0.185053903403558,2.28155972412929,0.0225153468601246,0.282645465721482
"PARP12",1147.04522126154,0.12684560572033,0.21145307155152,0.599875919463406,0.548588931953269,0.808594636961785
"PIK3CG",716.032986114313,0.0852804757255065,0.251790087721786,0.338696715574191,0.734838215172524,0.920829875223954
"IL4",16.1315414494343,0.477565441284896,0.34540295714994,1.38263275226559,0.166777501143837,0.501069604218163
"F2RL1",1065.94198580794,-0.400722599654964,0.301919724098803,-1.32724882698895,0.184426385482576,0.531543189587281
"CXCL6",25.2128811506345,0.229167382884848,0.44294622195373,0.517370668326385,0.604897431171704,0.861291491001378
"TNFSF18",36.2752080250267,0.682908670178733,0.361996159607136,1.88650805279226,0.0592265242761909,0.340360312901524
"JAK3",486.117162819925,-0.0982707944552405,0.213679405355889,-0.459898296195498,0.645589223224221,0.881798228426233
"NKG7",760.963512163715,0.349595025949658,0.253621652750484,1.37841159127527,0.168076246636491,0.501069604218163
"TAPBP",3526.96922777475,0.287804111568343,0.214749587430625,1.34018470075673,0.180185304276135,0.524944189714226
"MTOR",1524.87452399924,-0.369974744734004,0.136465131272839,-2.71113024465056,0.00670542814413451,0.170074624486406
"SELP",212.798520706327,-0.120793415205297,0.267100745497463,-0.452239154107657,0.651096704219363,0.881798228426233
"HLA-E",18866.556933047,0.015749290716732,0.120663082138657,0.130522861156771,0.896152768266988,0.964260378655279
"GOT1",105.930758679842,-0.0697561470916917,0.24677693447271,-0.282668829000328,0.777430712974721,0.930840631113649
"SMAP1",407.689310299853,-0.0408192578515704,0.139313599152279,-0.293002679565778,0.769520103539008,0.930840631113649
"CDKN1A",4629.07468607041,-0.278128312787924,0.277372494222744,-1.00272492255333,0.315993601573449,0.659831642672178
"CD45RA",80.6780904246712,0.847114167855556,0.221717801654379,3.82068630274472,0.000133080833524434,0.0460880511866319
"HNF1A",27.2101848482369,0.5249671051427,0.375850448441046,1.39674465554095,0.162490370452448,0.501069604218163
"TICAM1",245.731723196844,-0.29038413148106,0.227149786676491,-1.27838170455616,0.201114871727705,0.555820895494035
"C1QA",1522.55969271163,0.152086880107144,0.236760470261316,0.642366016334075,0.520635559592803,0.797787699817318
"CD86",84.0982757137506,0.196926092675173,0.277823746278113,0.708816633974987,0.478438273986613,0.778052037877744
"ITGA4",185.799400373298,0.345787196022493,0.187247007203624,1.84669010835758,0.0647920661242761,0.34722428067557
"ROR2",309.438017032813,0.123600597348707,0.259315755447807,0.476641294453027,0.633617572872375,0.877065834147524
"WNT7B",95.9432054087283,-0.379588801060894,0.389246059870846,-0.975189835413733,0.32946610320077,0.667394240357065
"FLT1",291.71005533525,-0.249901158657451,0.221984265342736,-1.12576068520718,0.260266829330786,0.613563067155031
"CTAG1B",3.97097428161824,-0.1771005313306,0.319777857794919,-0.553823621659817,0.579699560547723,0.833899367846725
"CLEC7A",45.9697276947006,0.364511972664358,0.354545692768232,1.02811000133244,0.303898086582853,0.645619254156711
"TNFRSF4",66.9600124376093,0.16477954788045,0.393363609730337,0.418898809662163,0.675290087042722,0.890784954390879
"MS4A6A",56.6388277307189,-0.0091768092180711,0.2412037384962,-0.0380458830169239,0.96965109913303,0.991772416983974
"ANGPT2",710.876049700458,-0.167182597227253,0.256482923806932,-0.651827399445509,0.51451252401335,0.797787699817318
"APH1B",87.2733785355123,-0.0899262782834275,0.214848061904169,-0.418557549397575,0.675539519315016,0.890784954390879
"RORC",54.2708099365129,-0.121303818996567,0.408634536181605,-0.296851607624905,0.766579803126951,0.930840631113649
"NECTIN2",3098.87150348065,-0.238487071738496,0.166340363269779,-1.43372941510117,0.151649494593791,0.485639452925356
"DPP4",108.225082079452,0.53027770806557,0.31847248878858,1.66506598445179,0.0958995921588938,0.393015453199253
"CCL2",3343.68757164347,-0.0723860614111191,0.200437563895482,-0.361140197497435,0.717994644848687,0.915327889482618
"NF1",122.983446882997,-0.3160003937109,0.16308824044839,-1.93760379560229,0.0526715790497422,0.324473009871313
"S100A9",1494.89268186982,2.49523078338194,0.696407155076907,3.58300566729011,0.000339663235553526,0.0460880511866319
"NFKBIA",4038.14673878106,-0.303050202778731,0.212882946824908,-1.42355321221659,0.154575848014197,0.493054187144099
"BNIP3L",306.64105185086,-0.221712519955941,0.170512721206657,-1.30026967130054,0.193508558989351,0.546389368539832
"CST2",28.9654057042702,0.238636597024937,0.407548617266236,0.585541422335496,0.558183722769766,0.816040333831886
"APOL6",840.362922676039,-0.155828005164436,0.184214590031356,-0.845904795803159,0.397605856911805,0.723039335944539
"ORF75",277.874758219872,-0.130054147279674,0.538661863155647,-0.241439307616426,0.80921465059194,0.94642930873579
"BRD4",1280.42221016812,-0.133368477455382,0.165713257234594,-0.804814772704502,0.420926575572546,0.754649406623209
"SLC16A1",316.20566884166,0.2056614205986,0.226144520577605,0.9094247345605,0.363125970424345,0.697720614601063
"THBD",71.6455096936894,-0.392416181879803,0.24730817886539,-1.58674971317222,0.112569342136328,0.434657699062281
"TIGIT",13.0238202472387,0.279507390886918,0.213679327337796,1.30806940647589,0.19084976904259,0.542309026821726
"VSIR",533.725423923793,0.16162623824945,0.173146966138166,0.933462721607707,0.350581109247915,0.68173242207968
"TRIM21",486.14963597984,0.0326758487563558,0.139719618470097,0.233867291609797,0.815088006615932,0.946818204757283
"NBN",84.8827215678244,-0.0126870248343117,0.157835084089159,-0.0803815254860887,0.93593381988086,0.977149004723898
"WNT4",128.090213582193,0.128010667631207,0.307342903840978,0.416507640265678,0.677038577801232,0.891305272896565
"CXCL8",343.444803795243,3.34091544763768,0.814430230269503,4.10215058757353,4.09327717677436e-05,0.033032746816569
"FGF9",17.828028820558,1.17350437626995,0.399964473638121,2.93402152845133,0.00334600999298351,0.142117371807247
"C5AR1",100.110636459178,0.334011671324635,0.263531573056457,1.2674446080625,0.204996358023776,0.560786647204025
"TNFRSF1B",1342.83447174624,0.0496744104283199,0.185853658961731,0.267277010879556,0.789255885765562,0.935285609123067
"HLA-DRB5",278.803206197442,0.231101563459181,0.910387734986142,0.253849601195142,0.799611751983451,0.940651142639424
"GLUL",1770.19513148012,-0.295247163565223,0.188368214735853,-1.56739375578436,0.117022682604438,0.439243278426889
"LY9",89.0622414765005,0.342934747384105,0.269258666488874,1.2736256621039,0.202796113119634,0.558554482210051
"TAP1",761.347231911256,0.0446801994126319,0.165026550291692,0.270745521454927,0.786586762844374,0.934868214455685
"IFIH1",232.011567653616,-0.0848476272724547,0.213831270072824,-0.396797097279356,0.691517091428547,0.898638152629368
"DEPTOR",873.185077424765,-0.418271780804987,0.188173293515188,-2.22280097771274,0.0262292231409539,0.282645465721482
"CSF1R",4937.63132301886,-0.0252817986839663,0.176894066570386,-0.14292055790298,0.886352922387652,0.964260378655279
"MARCO",119.309130975473,-0.640814646672024,0.413678525693945,-1.54906432621094,0.121366257455383,0.44519349893861
"NFIL3",968.946165412689,-0.132661973214431,0.176540244204284,-0.751454569536681,0.452379132072082,0.767511726018606
"IKBKG",1675.98952595267,-0.313696176689593,0.169638802771643,-1.84920060483963,0.0644288514403507,0.34722428067557
"CD58",10.9116008574919,-0.0499401382199005,0.306821479917798,-0.162766108270126,0.870702594039467,0.963527996097178
"LOXL2",47.3778339383901,0.26165477849881,0.275585670062021,0.949449869581115,0.342391856890749,0.673369072581287
"SPRY4",320.03668779044,-0.276369067453015,0.291415712061645,-0.948367078418037,0.342942613173369,0.673369072581287
"NFAM1",75.2071718441759,0.317143790202615,0.194964749119451,1.62667247097221,0.103806678493377,0.41471281952552
"SYK",173.696484717656,-0.129653822022866,0.188045064714512,-0.689482716388782,0.490519546081158,0.78340265651944
"COMP",854.228976489682,1.14779884195451,0.476771188047817,2.40744170522191,0.0160647267043166,0.254200675497715
"IFI6",345.594714314771,0.326649062172913,0.402236815902799,0.812081463601902,0.416744888709291,0.750809365370772
"RASGRF1",46.6428363255437,0.778026772398283,0.293255345504095,2.65306936199537,0.00797634781570539,0.181704779495375
"HDAC5",626.754413062071,-0.391611206690475,0.178135566432901,-2.19838864597534,0.0279214221115016,0.282645465721482
"BAMBI",30.6109323555975,-0.106704933996521,0.344360423510384,-0.309864103745659,0.7566643012073,0.930840631113649
"MAGEC1",12.300341503118,-0.279274162862008,0.322818855374011,-0.865111062172768,0.386977833641656,0.717910601721417
"FYN",2443.4407585234,-0.240425336123354,0.192366619193284,-1.24982877555166,0.211362102005244,0.568179260582153
"TNFSF4",49.0519866517601,0.570139782306355,0.290372592046073,1.96347657431764,0.0495908238462511,0.317617419396227
"CD274",82.7799544922922,0.139000588887702,0.184641526589902,0.752813256339834,0.451562139642427,0.767511726018606
"PRKACB",83.8369044795221,0.0917920761398356,0.162494744818323,0.56489258309531,0.572146828785697,0.830053595849054
"IFIT2",570.606909909862,0.0397520290227774,0.202916915997639,0.195902982397189,0.844686102885776,0.958736547157273
"KSHV_K13",444.58104740848,0.0920206707914998,0.562796825846931,0.163506023071508,0.870120031243717,0.963527996097178
"PPARG",121.91919483949,-0.45016793270324,0.301377735589553,-1.49370003003913,0.135254040692957,0.464468131230708
"KSHV_K15_1",285.322158259499,0.199964137209911,0.688295306173053,0.290520849723236,0.771417802495589,0.930840631113649
"PTEN",752.27727040117,-0.372287345147508,0.209321774287168,-1.7785409397341,0.0753150542692776,0.35336772555411
"FOXP3",72.0106453242477,0.515223180192123,0.266732254352411,1.93161183840707,0.0534074335645503,0.32635687248651
"SREBF1",708.962661452715,-0.466640211494508,0.16865367400607,-2.76685470532775,0.00565999745612233,0.170074624486406
"CD36",997.909089995564,-0.36441159897601,0.315536801269204,-1.15489412807068,0.248133784302409,0.606406076411284
"AXIN1",22.4253214253999,-0.0518097433221018,0.17771560794765,-0.291531756385536,0.770644660020215,0.930840631113649
"KLRK1",88.6918710386636,0.207753192266052,0.289349254286252,0.718001478104805,0.472756375433918,0.776107111059314
"GBP1",832.487377804487,0.200703698060912,0.286766922821188,0.699884408168159,0.483999495374899,0.781649214202877
"CXCL11",532.758079322814,-0.328442682480873,0.430286155429297,-0.763312224519947,0.445277213325168,0.766180620796184
"CXCL10",791.122654729897,0.160040233677715,0.416595819813668,0.384161880811229,0.700858469318328,0.90483599278276
"RIPK1",552.012885316119,-0.275888032944731,0.114108354895009,-2.41777241638945,0.0156158402035742,0.252039660885687
"KSHV_ORF45",49.3232763841349,-0.698416673060413,0.50655001902769,-1.3787713884623,0.167965250887014,0.501069604218163
"REN",4.97570012313113,0.0613954647460223,0.463632290285045,0.13242275404993,0.894649918030806,0.964260378655279
"PRF1",300.118432364679,0.243243354595303,0.244591109941265,0.994489761519599,0.319984487511766,0.660428341232723
"EIF2AK2",590.843437642682,0.0225794030584417,0.21161918678189,0.10669827912019,0.915028347877466,0.971632455999348
"LIF",108.068436482373,-0.400592796927715,0.296719158575734,-1.3500739178777,0.176992273667455,0.517510017571147
"BRD3",440.144799785748,-0.188777096396668,0.168963968106472,-1.11726244661649,0.263882127177932,0.613563067155031
"IGF2R",690.116531009359,-0.176538562777232,0.16633208658573,-1.06136204024737,0.28852540102567,0.634765060800937
"FPR1",116.048589974422,-0.192773866644344,0.355545261655259,-0.542192197265901,0.58768610996323,0.843883791352894
"DUSP5",464.410293892881,-0.269080563476819,0.187213490219678,-1.43729259660229,0.150634871598413,0.485639452925356
"APC",706.242957290624,-0.513234665519812,0.172716026745037,-2.9715520626088,0.00296298632394657,0.142117371807247
"HDAC3",349.830896392249,-0.234081370016958,0.151767743017423,-1.54236575811821,0.122984737613609,0.449089064498565
"CES3",62.3421566933659,0.335402947752173,0.366597468874943,0.91490797462813,0.360239943218386,0.693827289205817
"OAS2",545.019312481102,0.0980996945624767,0.28675105368665,0.342107529514699,0.732269971238206,0.920470197491016
"HDAC11",225.10510581636,-0.264070375456497,0.157235047207879,-1.67946256350451,0.0930619290264285,0.391150920439207
"THBS1",3205.95085221404,-0.261831482352434,0.273880594405272,-0.956005966472353,0.339069220109499,0.672620742212218
"SLC11A1",514.174514926277,-0.55148574333318,0.474134963930066,-1.16314084656816,0.244772361909586,0.606406076411284
"MAGEA3/A6",9.72010747793995,0.0243576799425643,0.531395425191182,0.0458372029337683,0.96344000630757,0.989813712660167
"ARID1A",3139.70508757728,-0.371151867063679,0.178132851477095,-2.08356776409321,0.0371995017867321,0.285904742303741
"CD48",91.9040239873912,0.377888924274797,0.230269705284697,1.6410709511596,0.100782687913384,0.406658145730503
"GZMA",36.6823806029927,0.585401802313282,0.334896047783322,1.74801048321728,0.0804622121688734,0.358984408505254
"ICOSLG",166.704181880599,-0.084470991049547,0.185421222207822,-0.455562691496399,0.648704476690523,0.881798228426233
"PIK3R5",190.498231507142,0.320952081593916,0.198841283308397,1.61411189997265,0.106503156658359,0.421313957957333
"GZMM",26.5400670281326,0.47615122823551,0.297988272357759,1.59788579754525,0.110068395425531,0.42704420725194
"WNT5A",135.955645195848,-0.229612843584292,0.312684272033305,-0.734328087854178,0.462748803217334,0.771992143967321
"TLR4",38.7256096361249,0.0237403630093951,0.213691156734506,0.111096609575148,0.911539737267125,0.971632455999348
"GZMB",177.697139216661,0.241868921358291,0.283471241823627,0.853239714202754,0.393526383957735,0.723039335944539
"PARP9",246.271933443125,0.0440480708062471,0.17219013486048,0.255810652810847,0.79809704778903,0.940239879658025
"LY96",58.337668425713,-0.229918447913631,0.258556151829952,-0.889239905089725,0.37387416072846,0.709921053430275
"RAD50",586.994523886624,-0.349745843025107,0.19158669398031,-1.82552261724946,0.0679222013122634,0.34722428067557
"MX1",138.024737500184,0.0284717906140399,0.36843145737823,0.0772783920695754,0.938402080125181,0.977149004723898
"CENPF",288.688110814559,-0.608152732924712,0.350364832290729,-1.73576990860793,0.0826045267841486,0.36627391821323
"SELL",330.62622729868,0.599972562512343,0.237861108031901,2.52236512087498,0.0116568644186124,0.218769525251632
"TNFSF10",614.165447328108,0.10538770442462,0.184170317600923,0.572229585078869,0.56716644682836,0.82469067133421
"KSHV_K4",67.8983087510121,-1.49496289309972,0.667970229134538,-2.23806814719375,0.0252166114574811,0.282645465721482
"IL12RB2",111.163002895306,-0.293204367996238,0.302127389544608,-0.970466029042187,0.331814249983393,0.667765834754609
"CXCL9",622.544771384568,1.03600447488404,0.381583126977901,2.71501647121844,0.00662724742496975,0.170074624486406
"TRAT1",136.114308361062,0.734025767856527,0.26451705072656,2.774965794607,0.00552075139422806,0.170074624486406
"STC1",406.000420611802,-0.720922053369978,0.402006250449286,-1.79331055814249,0.0729232801056521,0.352022359451134
"IL2RB",534.760887217032,0.27429175483701,0.221208231105707,1.23997083411393,0.214986182063581,0.570703450412204
"LILRB4",90.5425098747915,0.485567411307619,0.397750448221587,1.22078407071237,0.222167786563128,0.580224607626034
"SOX2",12.4888340198899,-0.0331995530037846,0.246301615635843,-0.134792266457847,0.892776120506878,0.964260378655279
"HCK",391.801879522891,0.211585525481994,0.201180410431616,1.05172031923016,0.292927885729474,0.634765060800937
"WNT2B",96.0484610530485,0.244217730133315,0.271500075123928,0.899512569275867,0.36837970384061,0.702854287508565
"IL1B",241.298613732992,0.736367363691854,0.481539848958393,1.52919299469124,0.12621660673359,0.451656955685197
"TLR1",81.3741388060613,0.0708711637708516,0.197835485780823,0.358232819006839,0.720169088765531,0.915327889482618
"CCL22",16.4853358382356,0.237083935597345,0.372632605413216,0.636240447435995,0.524619713798384,0.797787699817318
"ICAM2",217.697745225703,-0.0843440268086053,0.222616524746922,-0.378875857955696,0.7047800525923,0.90566481280571
"MAP3K12",369.144618231994,-0.325292538402383,0.176280450045517,-1.8453126158822,0.0649920763315743,0.34722428067557
"JAG1",881.370363924278,-0.172449895747362,0.163601710048826,-1.05408369934456,0.29184459844703,0.634765060800937
"CCL3/L1",54.1538383348356,0.820713883595821,0.409126250691374,2.00601619233406,0.0448545204334253,0.308065925410589
"SOCS1",149.713978019233,-0.120470397004435,0.164596126458387,-0.731915140389966,0.464220364448215,0.771992143967321
"BCL2",81.2757767632734,0.182691160397047,0.339109510167607,0.538737944290477,0.590067687901776,0.845725238016247
"MAP3K8",267.633387577176,-0.206763683977713,0.171559370663282,-1.20520192618056,0.228125358983552,0.591952298069859
"MMP1",147.431669221993,0.55726982298606,0.573028963702312,0.972498526750843,0.330802597450838,0.667394240357065
"CMKLR1",688.826791759386,0.144859971642003,0.20941338115293,0.691741716047335,0.489099544470498,0.78340265651944
"TNFRSF17",9.30936513445895,0.521900567005238,0.415155807270342,1.25711975568099,0.208710274490063,0.56685865410249
"TLR8",516.26440834804,0.234081077177103,0.29154615869903,0.802895425621952,0.422035180219642,0.754649406623209
"TPM1",206.923673437971,-0.00210855390788981,0.197937499896873,-0.0106526247375479,0.991500595940003,0.996225200195325
"CXorf36",694.240232355545,-0.27689193462599,0.262577409939939,-1.05451544628049,0.291646992580507,0.634765060800937
"NLRP3",67.6113422562377,0.314129148478858,0.278101631950863,1.12954802269683,0.258666723291535,0.613563067155031
"DEFB134",34.6914067586108,0.970718621082202,0.324508822582261,2.99134739498841,0.00277749322926403,0.142117371807247
"HLA-DQA2",69.2965086285028,0.251556042485781,0.369594894918426,0.680626399185795,0.49610791831378,0.789662899564538
"CX3CR1",188.617726229708,-0.0392617792878563,0.251817399544225,-0.155913687294515,0.876101056351354,0.963527996097178
"APLNR",553.674733555113,0.262299685223686,0.30081870388929,0.871952713818686,0.383234174477703,0.715638418449286
"MXI1",788.135395868469,-0.424781352613757,0.197555161978368,-2.15019110794114,0.0315401012333886,0.282645465721482
"FZD9",30.6679575331958,0.891078550263653,0.421778880379726,2.11266754148861,0.0346292333138649,0.282645465721482
"COL4A5",122.724949773928,-0.207612126927389,0.26096310248734,-0.795561230490278,0.426287108330877,0.754649406623209
"FCAR",18.9603078530845,0.70176158276855,0.431316585381854,1.62702202176451,0.103732420787599,0.41471281952552
"BRCA2",392.420449964908,-0.456671145602521,0.225144158702587,-2.02834996134978,0.042524543226925,0.306404521286862
"SFRP4",575.650207871344,-0.371102758481717,0.517420907340133,-0.717216396201338,0.47324058383245,0.776107111059314
"TLR3",66.6112447857029,0.187171685745192,0.308063995224789,0.607574038662376,0.543470023661203,0.805490523437623
"IL2RG",195.754996605574,0.628912893373149,0.267575265046374,2.3504149132176,0.0187524945236983,0.282645465721482
"CD84",360.026606383373,0.128548518159876,0.257956503244763,0.498334085564426,0.618248587003304,0.871175632994975
"HLA-DPA1",6941.89860719613,0.230760510268066,0.190685229354627,1.21016457881438,0.226215746942323,0.588890670265984
"RBL2",502.242211432409,-0.00294494712713979,0.117751944909516,-0.0250097535917795,0.980047183801749,0.992551090121595
"CCL18",2048.25428130947,0.307088640423455,0.382517286532619,0.802809836928162,0.422084655624078,0.754649406623209
"IRF3",1927.67866664568,-0.327152288079966,0.125597642380934,-2.60476456307772,0.00919374110931384,0.19023971987734
"TNFRSF8",16.2907153286683,0.169567993920406,0.36567883587563,0.463707431999365,0.642857371765448,0.881798228426233
"KIR3DL2",8.09817128405501,0.40046252161194,0.325599166772538,1.22992489686468,0.218725230084292,0.573088508694883
"TNFSF13",77.9067898820024,0.0791521602742451,0.232574698059674,0.340330057115398,0.733607984339477,0.920717952351412
"CLECL1",49.5570062286173,0.248587852744201,0.317961858191927,0.781816580635749,0.434322375298188,0.762055811689323
"TNFRSF10B",101.642263732031,-0.00191892175832873,0.212306056810221,-0.00903846921354693,0.992788443151417,0.996225200195325
"MAGEC2",11.8441392087192,0.692998628508929,0.438772722010286,1.57940225940637,0.114243819463001,0.434982019162553
"CDKN2A",70.1734159996341,0.643324801685888,0.295358525344984,2.17811488913168,0.0293974843767268,0.282645465721482
"ADM",1163.53035635504,-0.834534034733178,0.309679385594207,-2.69483237682059,0.00704240492400918,0.170074624486406
"PNOC",7.72896710278661,1.34031370548755,0.734894309885332,1.82381831980259,0.0681795433329935,0.34722428067557
"CD247",36.4820933370643,0.377450103409656,0.259300949718417,1.45564489377899,0.145490810762429,0.480029143493545
"PTPRC",39.5837141651955,0.636188002115074,0.227879145272639,2.79177807760304,0.00524192942663379,0.170074624486406
"OAS3",285.27603616808,0.0846340798369606,0.302010994637812,0.280235095210551,0.779297142822403,0.931693028529895
"LAG3",62.1802264897346,0.305102047133009,0.243026234793057,1.25542844126606,0.209323270040325,0.56685865410249
"FOSL1",643.067675394783,0.0856426959589197,0.297293816896803,0.288074258835487,0.77328989625608,0.930840631113649
"EOMES",16.9358182355756,0.710192736405833,0.253760293321503,2.79867558123465,0.00513126632428629,0.170074624486406
"IL10RA",787.974886340022,0.326793578621204,0.186984767206717,1.74770160961788,0.080515709962145,0.358984408505254
"WDR76",21.2371139091936,-0.0303378868387892,0.28062219917301,-0.108109361726173,0.913908942097998,0.971632455999348
"GPC4",117.690155800924,-0.0631797153648874,0.276631959405518,-0.228389067917751,0.819343787431391,0.947672383402617
"SLAMF7",72.7879080195053,0.720636989887479,0.307088852208619,2.346672582559,0.0189418917018251,0.282645465721482
"RSAD2",334.930578866748,0.144550824870683,0.37764713715886,0.38276690234746,0.701892604066924,0.90483599278276
"TLR5",135.486282647559,-0.28553888274367,0.176823243152347,-1.61482663508019,0.106348243426031,0.421313957957333
"VEGFA",35.871463926922,-0.400483547038716,0.243600959528463,-1.64401465336561,0.100173175598469,0.406229913105348
"KSHV_vIRF-3",22.3427087773708,-0.0269698443788679,0.397166335526683,-0.0679056656277354,0.945860728647417,0.981667376706343
"COL5A1",6889.59310290192,-0.0241598356373629,0.203466529936889,-0.118741080633049,0.905480489126814,0.971632455999348
"CD3D",89.3327820179347,0.69402697528894,0.3027708411279,2.29225170001018,0.0218911231905616,0.282645465721482
"FBP1",50.9338428392443,0.418870884537355,0.449738581971576,0.931365244896485,0.351664662578581,0.682195631492583
"ERO1A",605.818190168128,0.138986257104919,0.22267760761201,0.62415910874652,0.532523098460368,0.800272142378989
"CCL21",6874.45809400558,-0.477728692231858,0.371295275796745,-1.28665437826195,0.198214781117293,0.551583890902259
"E2F3",203.834054471153,-0.0197590156752003,0.184925889634187,-0.106848293196192,0.914909334308824,0.971632455999348
"LDHA",1586.0138110087,-0.127940828071362,0.188961518990912,-0.67707345259812,0.498359351616268,0.791685032980962
"MS4A1",53.1791424250614,1.00509804484785,0.333924156649653,3.00995907253987,0.00261282894878734,0.142117371807247
"CD69",50.0095583278194,0.363769484447889,0.245988093008307,1.47880931958607,0.139191284339238,0.467491528059281
"SERPINB5",1130.74282558171,0.560400272151244,0.334403990886099,1.67581813442568,0.0937738209321784,0.391413518433039
"FAP",413.971668455656,0.0774375830404554,0.23494558197343,0.329597953662363,0.74170376902061,0.924911782274095
"ITGA2",161.60737053358,-0.454768234472617,0.226904370114781,-2.00422862830967,0.0450455752149312,0.308065925410589
"SIGLEC5",42.3533789240639,0.40720724688927,0.353530691435517,1.15182997333498,0.249390948463188,0.606406076411284
"SIRPB2",25.9218104331731,0.563182081746739,0.2281297837417,2.46869160400556,0.0135608031962421,0.230026274809649
"EPM2AIP1",446.63862593533,-0.319706287315893,0.158491791272447,-2.01717883777538,0.0436768536738404,0.308065925410589
"FGF18",20.6057409824325,0.358871023974928,0.261052940690855,1.37470592373028,0.169222633994105,0.502068623651628
"HRAS",272.612895073542,-0.142569487360903,0.253566058738659,-0.562257772472002,0.573940404564773,0.830053595849054
"CCND1",1233.76539769864,-0.284425315216802,0.194860532331197,-1.45963531872824,0.144390327092938,0.479518493679017
"LAMB3",256.644338039366,-0.108085323158186,0.245840611054499,-0.439656095445618,0.660186205833072,0.883025747875392
"KSHV_ORF52",31.0951136757275,-0.487259136651939,0.450633607699872,-1.08127562686461,0.279574525874455,0.626841007602082
"ID4",111.055293905908,-0.246562310741005,0.329685877586009,-0.7478704048422,0.454538330246684,0.767511726018606
"CCL4",550.711056552819,0.501501227057936,0.227337851131774,2.20597328848352,0.0273858700381488,0.282645465721482
"GZMH",76.8112385249707,0.16740391955223,0.271491562758231,0.616608184252515,0.537493194962727,0.804743985779073
"API5",865.234461861717,-0.121534057561511,0.137384811818853,-0.884625133975934,0.376358846201961,0.711492637472241
"PTGER4",157.748387533993,0.398649747461451,0.211169230379881,1.88782118845773,0.0590499596660536,0.340360312901524
"ITGB8",275.558306060968,-0.251875327061148,0.232970446411632,-1.08114711947675,0.279631676253717,0.626841007602082
"TNKS",310.023793601135,-0.288736394448239,0.135661127147794,-2.12836499680324,0.0333068329537143,0.282645465721482
"B2M",11623.9038253531,0.0310089237820958,0.155306230399799,0.199663102389845,0.841744072691816,0.956742910791966
"TP53",880.629208031535,-0.042577753081122,0.196972416730751,-0.21616099242628,0.828862258254589,0.951415852877997
"MAGEB2",10.8391878276676,-0.0325481215991183,0.24274870747939,-0.134081544396613,0.893338093293773,0.964260378655279
"LYZ",1020.95924534188,0.711423037355797,0.402254800737749,1.76858805923763,0.0769626448925784,0.354082120301116
"NCAM1",60.2290366131526,-0.187758627481104,0.315715793169851,-0.59470774520327,0.552038843699701,0.811466934181528
"TCL1A",5.41078552811564,0.535664652055056,0.429297359017419,1.24777066712241,0.21211505362505,0.568179260582153
"HDC",371.333729060733,-0.00880030678934367,0.306375991726317,-0.0287238785903463,0.977084811861817,0.992551090121595
"CD27",181.871293466342,0.780749538090169,0.296693713675295,2.63150010298037,0.00850088413819122,0.185411175662711
"SBNO2",320.515120699012,-0.294533229667244,0.192269564585395,-1.53187651047303,0.125552911002329,0.451656955685197
"PECAM1",7666.34084455783,-0.484575863671313,0.224478115436048,-2.15867752956686,0.0308751932451973,0.282645465721482
"SERPINH1",1005.4532386634,0.0265716290320573,0.254810243216252,0.104280066204036,0.916947096523314,0.971632455999348
"SPP1",432.902772729123,0.406031259237595,0.527729656879197,0.769392536395846,0.44166031798817,0.764366959044167
"EGFR",469.651583900339,-0.19585289781637,0.254928311491562,-0.768266563530951,0.442328835035472,0.764366959044167
"CASP8",100.93966649476,0.278535384026699,0.15454811129884,1.80225679683728,0.071505012399673,0.349724515191128
"CCNA1",28.0235240791757,0.979660145988627,0.319647921907475,3.06480999514271,0.0021780832229223,0.142117371807247
"TNFAIP3",310.117711206949,0.102821321037858,0.136444880252584,0.753574050177022,0.451105031175627,0.767511726018606
"CDC25C",6.94144478919353,0.319020461728517,0.320580264184694,0.995134440168536,0.319670882251192,0.660428341232723
"CXCR6",73.5221882180528,0.210267491066004,0.190324119963898,1.10478635658943,0.269252173699015,0.616573035286289
"DLL1",239.247946258716,-0.327119788166059,0.210545279171608,-1.55367904449396,0.120260994069469,0.443518807593606
"OAS1",433.255136040977,-0.0515943246710923,0.329236956873378,-0.156708788591237,0.875474360370574,0.963527996097178
"HLA-DQB1",221.946811949399,-1.77303440462851,0.790448254929787,-2.24307460174733,0.0248920041804106,0.282645465721482
"ROBO4",2394.19564975603,-0.251121477341225,0.320125035145482,-0.784448105494474,0.432777220845446,0.762055811689323
"NFKB1",72.3176651063785,-0.0245742493422507,0.157461032733961,-0.156065592328295,0.875981319334653,0.963527996097178
"IFI27",8129.96479662424,0.183668125891723,0.312144678231745,0.588407039108202,0.556259114107491,0.814702550063059
"KSHV_vIRF-4",36.5157623411923,0.0567009219320388,0.485760250245981,0.116726146084054,0.907077070324455,0.971632455999348
"HLA-DMB",217.459631909568,0.147886744176598,0.158384778479949,0.933718161529772,0.350449294128013,0.68173242207968
"CDKN1C",415.362264391061,-0.0187225222062838,0.240869333238059,-0.077728957665938,0.938043658899246,0.977149004723898
"CEP55",36.1932653440668,-0.203456696212734,0.335291942635044,-0.606804609182606,0.543980588938667,0.805490523437623
"ARG1",785.190489717409,0.0890061599540088,0.490082424378983,0.181614674443375,0.855885131834609,0.961976742883745
"PLOD2",185.103329596591,-0.303953782285956,0.201636117892514,-1.50743718666506,0.131698632996993,0.462098973318975
"LAIR1",139.903953404191,-0.185067236440512,0.276676102156953,-0.668894909960554,0.50356251738252,0.793701077202527
"SHC2",224.755493907611,-0.47881851798953,0.278798514825866,-1.71743568393323,0.085899596417103,0.376744425590229
"STAT3",1464.19512085894,-0.177360870573686,0.13665071817401,-1.29791392934968,0.194316912975132,0.546389368539832
"KSHV_LANA",11.7075457588222,0.256878703989129,0.405358330488581,0.633707721460938,0.526271584868076,0.797787699817318
"CD45RO",207.535923180841,0.621420839901206,0.215180095176993,2.88791042401049,0.00387810296026628,0.153944194533882
"CD2",204.471507880052,0.620060027723269,0.229560488187232,2.70107470418665,0.00691158123180447,0.170074624486406
"IL7R",221.038176082462,0.745665988048792,0.281635139161579,2.64763122339287,0.00810578941986801,0.181704779495375
"FLNB",428.710881435592,0.0827106156080248,0.127964647537687,0.646355201999567,0.51804934546797,0.797787699817318
"PSMB5",308.636726114486,-0.197862695850801,0.122956020090167,-1.6092151950405,0.107569294968562,0.422386702359058
"SLC1A5",151.817464382634,-0.346098992314009,0.247151504165273,-1.40035155150247,0.16140807054087,0.501069604218163
"RICTOR",153.759701609554,-0.250685533723042,0.159573849763805,-1.57096876520869,0.116189904185385,0.438155386343953
"ZAP70",75.019592583714,0.240387078596712,0.235764369813186,1.01960732568364,0.307914729295351,0.648791609768533
"TNFAIP6",91.3685576975529,0.375435932159676,0.26056717533437,1.44084124056647,0.149629539473188,0.484943929135995
"BTLA",17.71412408076,0.776636498819414,0.259279093789122,2.99536876448308,0.00274113227520736,0.142117371807247
"RELA",1570.18359854396,-0.187165189741402,0.167773317940896,-1.1155837652763,0.26460034453444,0.613563067155031
"MMP7",103.658446186336,-0.152834681042769,0.435697939140191,-0.350781280591718,0.725752441866806,0.917997210950646
"TCF3",105.220430341264,-0.125475096254176,0.194831985670503,-0.644016924748575,0.519564459078941,0.797787699817318
"IRF8",1122.05061261644,0.224076394499814,0.235655288351594,0.950865121963632,0.341672849122264,0.673369072581287
"NOS2",84.2346128475867,0.101679444200485,0.471411462827276,0.215691497170361,0.829228229498243,0.951415852877997
"A2M",2201.06956072906,0.242288415722748,0.323781935001061,0.748307393128508,0.454274766164804,0.767511726018606
"CCL20",11.2123797184697,0.419151125170803,0.302597721881554,1.38517607655642,0.165998634018792,0.501069604218163
"MKI67",221.46501244696,-0.78712238285588,0.354223304720995,-2.22210784091651,0.0262760185126357,0.282645465721482
"IFNGR1",1129.85761665295,-0.115262719539347,0.177276886707799,-0.650184700780152,0.515572922280225,0.797787699817318
"INHBA",493.227820339597,-0.00686839956870181,0.306397809950763,-0.0224166079052769,0.982115632487977,0.992551090121595
"WNT5B",44.5884931430767,0.0307327070058888,0.255169424076362,0.120440398049775,0.904134291282682,0.971553093295771
"CXCL5",19.3044111373075,0.9924227458662,0.502295361967613,1.97577525298788,0.0481802374441182,0.314087350184748
"SOX10",382.454815610565,-0.730075460047677,0.366589421182948,-1.99153444660731,0.046422162106977,0.312189040169421
"EGR1",1277.86674765442,-0.186597346237142,0.219136302223322,-0.851512708501308,0.39448460682601,0.723039335944539
"STAT4",294.377880216825,-0.168187392004669,0.171315590106879,-0.981740143437858,0.326227883257697,0.666495953896104
"IFIT3",332.74215152664,0.0370747970435506,0.278211728618093,0.13326108582016,0.893986902072281,0.964260378655279
"GMIP",18.6109174755229,0.255054386738779,0.220456947719446,1.15693512668678,0.247298866000896,0.606406076411284
"ARNT2",48.5980970786102,0.0112738981679638,0.277055445789919,0.0406918482898632,0.967541560336933,0.990870608111554
"UBE2C",375.162741516419,-0.444749203507196,0.357390436143945,-1.24443510102231,0.213339470995488,0.568201165324617
"CHUK",121.255065033184,-0.146816173986676,0.205113633626923,-0.715779694360624,0.474127392505876,0.776107111059314
"GHR",381.251477712647,-0.673793007682996,0.321399939363722,-2.09643165775609,0.0360439165427966,0.282645465721482
"TPI1",1182.55769930097,-0.188699978688967,0.164032026554942,-1.15038497452059,0.249985345939386,0.606406076411284
"HAVCR2",193.407784146812,0.319400367747012,0.20249941063709,1.57729035725159,0.114728730141285,0.434982019162553
"GOT2",162.462051674292,0.23406693476421,0.224746375514731,1.04147145522651,0.297656794441726,0.637159239030431
"PIK3CA",1155.98053043832,-0.359726896848419,0.161713383661732,-2.22447201773285,0.0261167031450296,0.282645465721482
"TNFSF9",9.01606484976907,0.419401234027626,0.278223122781833,1.50742767112314,0.131701070462657,0.462098973318975
"IDO1",27.2409602464536,0.295831202240558,0.349870003650579,0.84554605754659,0.39780602869811,0.723039335944539
"APOE",325.539983479273,-0.22264956568526,0.277793478046405,-0.801493135299837,0.422846216598269,0.754649406623209
"LILRB2",526.063425333102,0.0969311223919413,0.299939479920057,0.323168935339144,0.746567305711622,0.926892024168122
"PARP4",825.899480497655,0.0271799649814311,0.165685319959239,0.164045704158448,0.869695164424124,0.963527996097178
"PFKM",259.302263982907,-0.387727920151931,0.21187262177202,-1.83000482511202,0.0672492173312589,0.34722428067557
"THY1",5438.91659838218,0.142209693222059,0.279445558259278,0.508899458298465,0.610822699698087,0.863281819012884
"SAMD9",449.575172738671,-0.141491566535215,0.195844608904383,-0.722468529140339,0.47000646735764,0.774071875831868
"TGFB1",3267.29965684379,-0.105325244644932,0.212911324330736,-0.494690665120847,0.620818491876486,0.872823210704398
"KSHV_K1",24.5413784010308,-0.244164193983975,0.500212095287411,-0.488121331499758,0.625463902435377,0.874782269090727
"CD8A",238.743871845398,0.618839439816405,0.275092549347152,2.24956815909784,0.0244763715911087,0.282645465721482
"SELE",128.454361416073,0.227503617526864,0.348511367938759,0.652786791066284,0.513893740356524,0.797787699817318
"CDKN2B",249.983704517568,0.283146857743743,0.27881063767514,1.01555256321911,0.309842503946968,0.649462079701826
"CD5",328.959627177896,0.522346023739311,0.258726345703975,2.0189131582949,0.0434962463502492,0.308065925410589
"HLA-A",5384.16955072953,0.521064800013731,0.534259921912615,0.975302055502037,0.329410451182879,0.667394240357065
"FZD8",148.59229062874,-0.183023421055192,0.282162498707121,-0.648645450383422,0.516567570813241,0.797787699817318
"BCL2L1",1459.41155663615,-0.143951254618028,0.172782239496521,-0.833136872386275,0.404767540342566,0.734039112486407
"TNFRSF9",38.1585316923153,1.04650386857806,0.289792688495278,3.61121556935041,0.000304765204353972,0.0460880511866319
"XCL1/2",18.6493286947946,0.35017648977852,0.302933957019137,1.1559499411167,0.247701633316009,0.606406076411284
"MAGEA4",11.7728641935861,0.334552015702577,0.456029110055543,0.733619868393555,0.463180448331535,0.771992143967321
"PMS2",245.965341240485,-0.274961976460693,0.152426543133053,-1.80389826344536,0.0712472572751026,0.349724515191128
"KLRD1",42.186216301779,0.135272242541841,0.308369887200996,0.438668781085199,0.660901551074023,0.883025747875392
"NFATC2",249.4615439172,0.219797355107138,0.140955044535209,1.55934366046925,0.118915063216717,0.44223251620226
"VEGFB",502.961660267259,0.115343788360085,0.226505162021,0.509232493118154,0.610589269847023,0.863281819012884
"CDC20",21.3021297997788,-0.245411473552149,0.255250625745107,-0.961452975230769,0.336324458969961,0.671816431655344
"OTOA",3.71837807560492,-0.0184707131325382,0.409879436622203,-0.0450637711536702,0.964056478501724,0.989813712660167
"TPSAB1/B2",376.380430944415,0.153853907892731,0.312829883474146,0.491813333764983,0.622851309598213,0.874158272775232
"P4HA1",135.535062183106,-0.256762266116298,0.168205022585045,-1.52648394304919,0.126889386319986,0.451656955685197
"P2RY13",26.0411642148966,0.207653540347612,0.245243651544468,0.846723407679972,0.397149308414031,0.723039335944539
"EXO1",37.7866801454983,-0.160729705559321,0.312727971985031,-0.513960118562769,0.60727987407656,0.861291491001378
"CD70",103.188703127438,0.356833041659293,0.284791040069331,1.25296442462665,0.210218653903516,0.567379443813168
"DDB2",149.430103124325,-0.215327467475044,0.312796437258889,-0.688394885063307,0.491204143988645,0.78340265651944
"NDUFA4L2",1151.89039032326,-0.205984805327317,0.236604392762946,-0.870587409311935,0.383979473591748,0.715638418449286
"IFITM1",2467.52862225318,-0.130260573508428,0.201414969429011,-0.646727370253078,0.517808405724998,0.797787699817318
"IFNAR1",331.052905847943,-0.094630256015122,0.130163421072786,-0.727011131354684,0.467219136792296,0.773437673517813
"TREM1",19.7526505895961,0.765430488625361,0.579562762969074,1.32070336041621,0.186600293172296,0.535894792135383
"CXCL13",55.705464989985,0.952521111527815,0.433544675034243,2.19705411317203,0.0280165817465188,0.282645465721482
"TWIST2",5.93230031048072,-0.0480674436610191,0.322556384453264,-0.149020282895636,0.881537628230135,0.963527996097178
"HLA-DRB1",9618.4663708743,0.347989374845733,0.454547613528431,0.765572988370705,0.443930421884722,0.765495406967886
"FGFR1",553.037653188199,-0.279442794305665,0.1891649499539,-1.47724403687769,0.139610233286601,0.467491528059281
"TBXAS1",182.276488620206,0.328441741817806,0.260244223631572,1.2620519957545,0.206930077167431,0.564164095520666
"NCR1",42.486513723959,0.67074495517481,0.320560056316112,2.09241588887597,0.0364013286799608,0.282645465721482
"SOX11",14.0551892127026,0.151297790876143,0.376386024802924,0.401975049300415,0.687702388829489,0.896568380913405
"TLR2",102.254100622633,0.345622083040096,0.181222127514186,1.90717374186572,0.0564980925803939,0.332802632937065
"TWF1",372.544215830353,-0.141741352021857,0.148187406467843,-0.956500659538941,0.338819351317043,0.672620742212218
"CCL5",2086.06703944213,0.427350853551684,0.28466208151747,1.50125668748564,0.133289182960901,0.463639528661411
"ITGAL",455.665238120201,0.46933916414052,0.215689303665493,2.17599647346632,0.0295555242537624,0.282645465721482
"MYCT1",212.436480024455,-0.204213188005037,0.274449586686384,-0.74408269464218,0.456826448013026,0.769642888406079
"CD96",193.409410091812,0.241623151524403,0.275973252599547,0.875531049652166,0.381285023416523,0.714906404962128
"PROM1",62.1663483048842,-0.115307486758712,0.419383117732944,-0.274945466050299,0.783358135845925,0.932564876921752
"OASL",198.209582368069,0.332246398581353,0.277008064409546,1.19941056333342,0.230368342171712,0.595856577347987
"IFNG",52.0617706812776,0.418050099084718,0.359516388987016,1.16281235540507,0.244905643125113,0.606406076411284
"BATF3",370.693236883304,-0.209488799471274,0.194310135866559,-1.07811565535181,0.280982145952261,0.628123522945913
"EZH2",163.961833216841,-0.175591608699383,0.187217511334918,-0.937901628150922,0.348294966401281,0.68056667768967
"IRF5",104.715019433292,0.074737259009577,0.168911838927451,0.442463118536512,0.658154113195601,0.883025747875392
"PCK2",130.926691230167,0.327964355895246,0.275311798616457,1.19124700627938,0.233556631058195,0.600255418038101
"EPCAM",140.297767527239,-0.0132984730180861,0.529498590481443,-0.0251152189205915,0.97996306106831,0.992551090121595
"CD19",45.5055504860763,0.3580676746312,0.313525304633557,1.14206945767808,0.253425149635448,0.608672904035139
"GBP4",79.6247845899199,0.0558341734982468,0.341647666461572,0.163426181353786,0.870182890249202,0.963527996097178
"MSH6",211.314359364758,-0.111748551860617,0.112802411068842,-0.990657476216695,0.321852861922887,0.662589947887169
"TNFRSF11B",7.16473345836434,0.18085298497715,0.291585081074637,0.620240872100234,0.53509921631633,0.802648824474495
"NOTCH1",1181.25193027342,-0.15995968637729,0.221336656790203,-0.722698574637413,0.469865091464167,0.774071875831868
"CASP9",91.4536105572461,-0.123928294552503,0.203573393324197,-0.608764694289609,0.542680418517338,0.805490523437623
"RAD51C",6.68300908888098,0.284854630814614,0.511560886251952,0.556834266399169,0.577640669476201,0.832421464763025
"HLA-DMA",974.549515221379,0.315279448410859,0.245004765295845,1.28682986239127,0.198153595961131,0.551583890902259
"SFRP1",1058.90286875136,-1.01289272803705,0.360221731702953,-2.81185902707366,0.00492560859293445,0.170074624486406
"MAGEA1",14.3951313026899,0.78150859786866,0.365542325400298,2.13794284153783,0.0325213825888883,0.282645465721482
"ENTPD1",1397.09610678951,0.194341717975473,0.179308385087502,1.08384065742734,0.27843545486891,0.626841007602082
"ROCK1",465.893648934457,-0.421457388481292,0.204343652574288,-2.06249317349397,0.0391608068151764,0.292942841919543
"FCGR2A",281.002231116356,0.0907053588401247,0.290548120348502,0.312187044030183,0.754898377787257,0.930840631113649
"NGFR",123.28583347483,0.081392467309748,0.340494490380688,0.239041951071653,0.811073053249235,0.946818204757283
"ALDOC",192.321389665745,-0.158406919229001,0.269207376477378,-0.588419683374882,0.556250629128768,0.814702550063059
"CCNE1",124.005021516544,-0.106531438408207,0.233973294441184,-0.45531452067059,0.64888298118966,0.881798228426233
"ITGAX",1159.45232273106,0.317355989317456,0.266402443378282,1.19126531008134,0.233549447665256,0.600255418038101
"BLM",124.820782964133,-0.0727941283087902,0.275713492895743,-0.264020913682001,0.791763803574595,0.936881802763487
"MLANA",24.6047171367329,-0.0613251063289945,0.277915798371347,-0.220660742168578,0.825356601172384,0.951415852877997
"KSHV_ORF72",1549.26957865285,0.378950989187802,0.656930798356919,0.576850697418379,0.564040318426588,0.821625517996852
"FCGR1A",92.4888313349234,0.219996245259074,0.283630909508565,0.775642702836063,0.437959979315694,0.762652776376998
"CD47",178.460668630738,0.171106945414054,0.199525391206142,0.857569777859867,0.391130069195953,0.723039335944539
"CSF2",19.6971240823979,0.703939448048101,0.36054536127962,1.95242963478918,0.0508872175031263,0.320048289242025
"CDH5",6346.9127187173,-0.204824618914106,0.257532697341367,-0.795334421720459,0.426418995564044,0.754649406623209
"SLC7A5",76.8359458776778,0.301566636379439,0.235001396658981,1.28325465578851,0.199402873175891,0.552983225611492
"GIMAP4",1148.81385296347,-0.0304650944343858,0.183148759548349,-0.166340708555787,0.867888831474064,0.963527996097178
"HIF1A",3720.16340887994,-0.406798889546367,0.188847045569827,-2.15411836769218,0.0312308904563123,0.282645465721482
"CDK2",179.10269185883,-0.145698471911073,0.166596868066502,-0.87455708862974,0.381814944905424,0.714906404962128
"PDCD1",113.622219088356,0.797630685601092,0.263480473701966,3.02728575819749,0.00246760564421274,0.142117371807247
"ATF3",61.1203481944947,0.0480877552153252,0.255967873737799,0.18786636976398,0.850981406334095,0.960478314561699
"TIE1",35.5633611317812,-0.283034820893997,0.252691009471675,-1.12008267126624,0.262678534324107,0.613563067155031
"CD44",5449.84642087007,-0.0282648750229925,0.214698962755609,-0.131648866208852,0.89526203222087,0.964260378655279
"ALDOA",5881.32118683592,-0.271637489195383,0.188171283773861,-1.44356505279429,0.148861361259402,0.48439967151749
"FAS",60.9494147447901,-0.0618527107530378,0.179019744559096,-0.345507758964652,0.72971267820772,0.920470197491016
"MRE11",318.387353345309,-0.616935572442075,0.201683911735421,-3.05892307985082,0.00222134176912651,0.142117371807247
"IL10",30.448510924724,-0.0916386448987981,0.29964103546289,-0.305828087789222,0.759735541486103,0.930840631113649
"BMP2",245.705793364628,-0.142478566150158,0.301887840850402,-0.471958611346528,0.636956331186351,0.8801776699784
"BAX",77.2772941561322,0.0150007340684346,0.243549054760046,0.0615922491804123,0.950887549482816,0.983802887734144
"EIF5AL1",20.5968439746244,1.1674848479167,0.51465002360201,2.26850246648302,0.023298598848284,0.282645465721482
"KIT",126.934677356091,-0.473565377168618,0.230133105160624,-2.05778902100194,0.0396103904393966,0.293262248482505
"CDK6",540.421655360793,-0.371501565981795,0.147064342185729,-2.52611585147283,0.0115331442010684,0.218769525251632
"SPIB",18.9947969949338,0.769676748300206,0.358691230507445,2.14579193143733,0.0318895826613148,0.282645465721482
"PFKFB3",698.237679573482,-0.578441708307345,0.185963472408907,-3.1105125152505,0.00186762981180846,0.142117371807247
"CXCL12",57.7635852543647,-0.163636509984652,0.386471607787714,-0.423411465906537,0.671995080768347,0.890784954390879
"CSF3",4.75633555713422,0.64703135033785,0.433136146712166,1.49382903100864,0.135220311546897,0.464468131230708
"KIR2DL3",35.2882846404783,0.897225781444274,0.419756955594326,2.13748877650856,0.0325582576201348,0.282645465721482
"CD40",323.851638302222,-0.0999668924031416,0.238269844009183,-0.419553270867499,0.674811831256934,0.890784954390879
"IRF1",540.866545594354,0.393111100327792,0.236692977490304,1.66084817765197,0.0967439423994727,0.394304856143306
"MGMT",292.885073104888,-0.306326916590814,0.157079922583996,-1.9501341199542,0.0511601354550449,0.320048289242025
"GLUD1",1392.84554177705,-0.279552117940924,0.125422308246538,-2.22888672556894,0.0258214425660294,0.282645465721482
"IFI35",98.5385722924119,0.154045420368235,0.205376831281476,0.750062309399982,0.453217178245193,0.767511726018606
"PF4",19.7708117315975,-0.0506558600608868,0.455868879454427,-0.111119364238047,0.911521693393028,0.971632455999348
"GPSM3",149.660970960515,-0.0344032385721849,0.121653563658956,-0.282796800500073,0.777332607094551,0.930840631113649
"SLC2A1",36.3621988602351,0.0832480698437198,0.394192488573708,0.211186342349985,0.832741867648708,0.951415852877997
"IL2",23.3313682418395,0.527051855809745,0.497039517669043,1.06038219713686,0.288970758064,0.634765060800937
"SNAI1",137.548086853485,0.209726628586009,0.285418727558039,0.734803319951601,0.462459284900036,0.771992143967321
"CTNNB1",2173.78716228867,-0.179938483921111,0.146067164179127,-1.23188866527488,0.217990676061874,0.573088508694883
"NOTCH2",1312.73773272477,-0.0824908567399179,0.187994845208023,-0.438793184188847,0.66081139941628,0.883025747875392
"NFKB2",224.048137674386,-0.0422367461442528,0.153716891197414,-0.274769713433831,0.783493167971435,0.932564876921752
"IL33",528.070153017611,-0.489233168015467,0.293858341819457,-1.66486057529055,0.0959405753162985,0.393015453199253
"TREM2",110.759046424159,0.406469754228893,0.290466193590744,1.39937026475995,0.161701978930184,0.501069604218163
"KSHV_ORF36",50.5747530590338,-0.510608151369107,0.453594535843803,-1.12569290637341,0.260295527352712,0.613563067155031
"LAMC2",54.6676284540116,0.620386901273628,0.291824678129432,2.12588909632403,0.0335124949960372,0.282645465721482
"AQP9",98.5480563636593,-0.0149138326338221,0.35117048014612,-0.0424689245736615,0.966124883988545,0.990676977609601
"PRKCA",20.6191310410197,0.248631821593759,0.318713404515535,0.780110965121457,0.435325562811373,0.762055811689323
"TSLP",34.8065355112588,0.00813053327842992,0.296489986398497,0.0274226235334036,0.978122654062064,0.992551090121595
"HLA-DOB",19.1517964730461,1.12628209470824,0.314292702789938,3.58354516255189,0.000338962124201106,0.0460880511866319
"ANGPTL4",484.917090040394,-0.99080567426269,0.36845876620291,-2.68905442113176,0.00716547364626743,0.170074624486406
"TNFRSF25",34.4190484623849,-0.291424246258466,0.341856739451561,-0.852474772695711,0.393950634962048,0.723039335944539
"MS4A4A",773.966887331307,-0.398588603229258,0.274842683553743,-1.45024272822354,0.146990843662667,0.482201670064114
"CLEC5A",23.2017510268168,0.664810226073128,0.357624169875537,1.8589633533564,0.0630323330065668,0.34722428067557
"ITGAM",78.5572227357037,0.11081164509813,0.232018091192168,0.477599158448168,0.63293552996972,0.877065834147524
"MMP9",235.290588153841,0.426991190095539,0.460979257949078,0.926269854299402,0.354305758110166,0.68403049472465
"CD7",192.553082451811,0.227918053031818,0.285119101190005,0.799378407411336,0.42407102694703,0.754649406623209
"VHL",230.047378654702,-0.0359539725449126,0.195893143884602,-0.183538697842803,0.854375357957845,0.961976742883745
"OLFML2B",1660.25663044689,0.101529594003293,0.227206965369724,0.446859513475209,0.654976497827499,0.882414079710838
"IL6",259.59518669757,-0.257351067074225,0.293484314215497,-0.876881845498764,0.380550817907812,0.714906404962128
"TNFRSF1A",1114.48315801663,-0.0210592351315469,0.158318564475717,-0.133018103096665,0.894179063524033,0.964260378655279
"DKK1",11.1989317419061,0.150704726291819,0.321101979789671,0.469336023373429,0.638829470090107,0.881257063867891
"FANCA",57.438577448217,-0.350764065672678,0.281427655355914,-1.24637383354907,0.212627183018352,0.568179260582153
"TNF",34.6826106051495,0.752711153467377,0.304709437068216,2.47025875112252,0.0135015353186992,0.230026274809649
"LTB",38.1415540929425,0.66810768387689,0.288388039633464,2.31669692240372,0.0205202473461455,0.282645465721482
"PPARGC1B",479.889816199124,-0.0120501572518686,0.248246093210859,-0.0485411757986188,0.961284949559253,0.989485911089691
"RPS6KB1",250.520662493923,-0.0610490664268086,0.145255900756481,-0.420286309257456,0.674276310105206,0.890784954390879
"CD38",94.7259091251962,-0.00448302995823391,0.3880978221936,-0.0115512886233038,0.99078361011118,0.996225200195325
"DTX3L",477.410947128768,0.0445078555935982,0.189391892589432,0.235004017252646,0.814205615214023,0.946818204757283
"TMEM173",1103.92631840409,-0.204943949309074,0.187394552063955,-1.09364945272865,0.27410875128148,0.623114823335647
"NEIL1",478.15566132169,-0.363365006480368,0.162847844704362,-2.23131603086322,0.0256602025312149,0.282645465721482
"HELLS",145.40153348245,-0.294880704373799,0.217204947842515,-1.35761504193543,0.174585867462707,0.512330163790563
"TGFBR1",142.342916895021,0.372145853443569,0.202038570533015,1.84195449642006,0.0654818061471659,0.34722428067557
"MB21D1",135.528801092256,0.0475673527319943,0.167812951313634,0.283454598465963,0.77682838018134,0.930840631113649
"CCR2",151.341361118122,0.153114790207641,0.286746038983104,0.53397351451004,0.593359858491709,0.847506912925326
"MSH2",198.077479795626,-0.0658025932287999,0.216453824215538,-0.304002913634253,0.76112567139169,0.930840631113649
"RAD51",155.215892290801,-0.348915339720508,0.227627601124078,-1.53283405877619,0.125316746523458,0.451656955685197
"TNFRSF18",16.1696144439337,0.000716600066525155,0.214333024321302,0.00334339548837288,0.997332361329112,0.997332361329112
"FCGR3A/B",715.832214704339,0.174969610389787,0.272918579608485,0.641105529131762,0.521454122132123,0.797787699817318
"STAT1",2818.50986796389,0.00720776708892484,0.201041771802495,0.0358520869782516,0.9714003003349,0.9923038511016
"CTSS",2284.67918595873,0.264981733208715,0.235553381404012,1.12493283530593,0.260617496609081,0.613563067155031
"PDK1",496.444691658628,-0.289063334293962,0.245431830447823,-1.17777443034397,0.238886544945863,0.606406076411284
"ITGAV",675.987973442397,-0.187480045392315,0.178010861318015,-1.05319441748773,0.29225189650755,0.634765060800937
"ANGPT1",127.677456361926,-0.00183463892702627,0.260124245828101,-0.00705293319039034,0.994372620153657,0.996225200195325
"BCL6B",329.365031285925,-0.454601964061735,0.312491236851418,-1.45476707968578,0.145733754840048,0.480029143493545
"CDH2",17.778758971618,-0.0290130736426648,0.329686932474712,-0.0880018914455769,0.929875172820656,0.977095396440455
"CSF3R",120.301425199462,0.0274974903627373,0.322501697388343,0.08526308725013,0.932052236740316,0.977149004723898
"RELB",321.330499396822,0.0559442611008209,0.162393769744367,0.344497582566658,0.730472113738406,0.920470197491016
"KSHV_K6",52.2252950553398,-1.38955787383658,0.559801402720082,-2.48223364051019,0.0130561637662469,0.230026274809649
"CXCL16",235.188920989057,0.475053791970329,0.477389090408605,0.995108186413986,0.3196836495158,0.660428341232723
"IL6R",173.277257371623,0.0530320923339051,0.146940326329144,0.360909041505149,0.718167444360528,0.915327889482618
"PDGFA",256.249425378468,-0.0266811069708795,0.185645121659992,-0.143721023920822,0.885720768867031,0.964260378655279
"PIK3R1",262.076006635045,-0.312798556112907,0.147337128794827,-2.12301243190705,0.033752810112532,0.282645465721482
"HK1",1698.83236168845,-0.312657285549326,0.162120021362748,-1.9285544309777,0.0537862007939354,0.32635687248651
"AXL",155.961574031655,0.131575208520814,0.178094896883655,0.738792693239093,0.460032889356536,0.771992143967321
"HK2",65.3024742004447,-0.0428252748451479,0.266977248860103,-0.160407956213484,0.872559722623159,0.963527996097178
"PDGFRB",3109.41023082073,-0.143902420262512,0.310310282135633,-0.463737196434932,0.642836044129407,0.881798228426233
"KSHV_ORF74",45.4088306085067,-0.0892827230357164,0.467236705779114,-0.191086706013043,0.848457662794405,0.959807883962332
"FADD",110.613294042059,-0.0507444618364339,0.152460661524957,-0.332836426976458,0.739257759660087,0.92350001864658
"CD74",5620.92023564357,0.266315039961782,0.189454102395535,1.40569687641696,0.15981415489532,0.501069604218163
"RIPK2",738.957995351313,-0.026314769472519,0.149919233632793,-0.175526307298058,0.860666101415508,0.963527996097178
"CD45RB",222.403196384701,0.750458521610747,0.221139637974945,3.39359568679303,0.00068981454586104,0.0795257626442656
"BAD",659.810805391298,-0.115956683288056,0.168399365588632,-0.688581473467756,0.491086683054215,0.78340265651944
"PKM",3227.41167192253,-0.250718477632053,0.168618845000112,-1.48689476334562,0.137042607556505,0.466638752312655
"KLRB1",43.8868964021948,0.691750248900235,0.346475094095816,1.99653672280679,0.0458755326728422,0.311105503083896
"ADORA2A",108.757889208427,0.371820306354251,0.20239088395444,1.83713959388581,0.0661892903961953,0.34722428067557
"IFIT1",294.532461763704,0.179605624336178,0.370130414994098,0.485249568963528,0.627499324065705,0.874956695002465
"UBE2T",52.6070131374849,-0.238528431528205,0.228753094166358,-1.0427331372171,0.297071906031041,0.637159239030431
"RPL23",8090.83139397203,-0.165466857048421,0.119093406801503,-1.3893872170792,0.164715035256844,0.501069604218163
"ARG2",172.533122589731,-0.224968541795949,0.195924081114991,-1.14824344468362,0.250868079014915,0.606406076411284
"TGFBR2",2004.32106414967,-0.162982308092375,0.156837867192038,-1.03917702408446,0.298722413971361,0.637748645700763
"CRABP2",501.730733069838,-0.212710857740992,0.332557911273427,-0.639620500761753,0.522419351107262,0.797787699817318
"BLK",21.1366378892182,0.490249230210298,0.371823450913863,1.31850002737958,0.187336315895052,0.536100733784778
"CCL14",3085.85662265177,-0.359349386242887,0.305256084132629,-1.17720630291108,0.239113173560324,0.606406076411284
"CCNB1",93.1599029618489,-0.510607043197102,0.317529035917195,-1.60806409946792,0.107821140874803,0.422386702359058
"STAT2",1530.32529965001,-0.012235394761208,0.148624552848449,-0.0823241821537005,0.934388925107285,0.977149004723898
"IKBKB",138.591173161089,-0.250107690077299,0.17432478038483,-1.43472253069916,0.151366181198079,0.485639452925356
"ZEB2",702.583994719576,0.227336392533659,0.196817198092429,1.15506365671814,0.248064359620533,0.606406076411284
"LRRC32",597.72125805644,-0.0341454714071634,0.195631320742272,-0.17453990126738,0.861441175315717,0.963527996097178
"IL22RA1",169.557155098778,0.253853071923284,0.29696439191401,0.854826635231037,0.39264713046403,0.723039335944539
"ELOB",128.531672466324,-0.178179706018183,0.305417395296844,-0.583397372782272,0.559625826019934,0.816669152980265
"ITGA1",636.945248422817,-0.161309182050214,0.22681211141555,-0.711201800659904,0.476959192916711,0.777588017543002
"IL24",13.6462726390123,0.746946273024142,0.421892372912852,1.77046640560728,0.0766494759725204,0.354082120301116
"PVRIG",228.3171288095,-0.0239420102594806,0.151846512233758,-0.157672441120172,0.87471491761546,0.963527996097178
"RB1",891.810798707671,-0.278493238032305,0.152823456576105,-1.82231997804353,0.0684064485956971,0.34722428067557
"SRP54",85.5389533748791,0.169194684974686,0.191304044791584,0.884428163340797,0.376465125403528,0.711492637472241
"ICAM3",91.0176684272336,0.319847409198961,0.156762050284106,2.04033698601982,0.0413167734001914,0.302334596723082
"CCR5",407.263381202103,0.467755704249057,0.204903130480344,2.28281385039126,0.0224413357616995,0.282645465721482
"CTLA4",132.639446596797,0.694374284752358,0.407821681176463,1.70264190650498,0.0886351026194198,0.380470892626978
"GLS",114.727408162704,-0.351913793125307,0.208806021611514,-1.68536228222406,0.0919186960454507,0.390412566887783
"ITGAE",497.651017043155,-0.335720691541634,0.184648221002662,-1.81816369374495,0.0690391172919574,0.34722428067557
"MET",66.71816665649,0.128238250152123,0.229508488335389,0.55875166571061,0.57633121347083,0.832020195475779
"WNT3A",39.2904898924696,0.420820564974596,0.341921829701016,1.23075079863304,0.218416082465328,0.573088508694883
"TYMP",1552.15378707234,0.0597203828888014,0.209413897571184,0.285178699128606,0.775507238709036,0.930840631113649
"IFI16",1120.80635399097,-0.04700024144048,0.136965043859626,-0.343155013250316,0.731481846292555,0.920470197491016
"PVR",107.008509128028,-0.098246125734181,0.231595242212633,-0.424214784360634,0.671409179636386,0.890784954390879
"P4HA2",92.2042351062683,0.0581497293931676,0.201828382612668,0.288114727177712,0.773258919738383,0.930840631113649
"BRIP1",41.5386030306151,-0.13282969210222,0.271447067739486,-0.489339204171105,0.624601569987547,0.874782269090727
"KSHV_ORF50",57.0110742624379,0.0125687459746091,0.39333653847535,0.0319541785345649,0.974508592451174,0.992551090121595
"ESR1",13.679173607453,0.0594357645337872,0.243750491742008,0.243838542064135,0.80735586883444,0.94642930873579
"DAB2",4067.45626959222,-0.305163953803601,0.218724379085491,-1.39519862888409,0.162955950387367,0.501069604218163
"DUSP1",1005.86393726571,-0.126189728506781,0.280571018737476,-0.449760381790731,0.652883227539949,0.881798228426233
"CD8B",216.21170225685,0.647087571310183,0.22486352446519,2.8776902472253,0.00400598275738726,0.153944194533882
"ACVR1C",43.2287784963489,-0.0828615319031127,0.353368850037246,-0.234490198823068,0.814604441316221,0.946818204757283
"IL15",29.4888855231903,0.237764525141758,0.213812322415262,1.1120244261693,0.266127648208286,0.613614320297392
"KIR3DL1",27.2042465735905,0.753409785761467,0.347635917561975,2.16723804331051,0.0302167079631896,0.282645465721482
"CDH1",4221.21191350236,-0.334373623812452,0.316727415508363,-1.05571418020687,0.291098816671636,0.634765060800937
"HES1",1268.71274721471,-0.299403466846144,0.175570940365636,-1.70531334070786,0.0881360008087568,0.380470892626978
"IHH",19.979963679393,0.362087842958229,0.309939022605372,1.16825509713004,0.242703881929087,0.606406076411284
"CCL19",476.615748411033,0.0673687718834213,0.378570267303317,0.177955792364022,0.858757694081545,0.963527996097178
"C2",313.851575382443,0.213807583250046,0.224106476020161,0.954044644523396,0.34006104438982,0.672620742212218
"TLR7",102.815553722417,0.432887995145306,0.194003515359644,2.23134098546007,0.0256585507516363,0.282645465721482
"IL2RA",218.717859828825,-0.0238830314496859,0.246128330536084,-0.0970348736273758,0.922698699964322,0.973578103453817
"PRKAA2",24.4727703063964,0.471859281037514,0.403798794266327,1.16855049529023,0.242584783505116,0.606406076411284
"COL11A2",35.3985136413755,0.822404143129999,0.314887714791045,2.61173778620018,0.00900833174986314,0.19023971987734
"TNFRSF10D",91.2505059874371,-0.156353669347817,0.215298254861741,-0.726218934975684,0.467704565894291,0.773437673517813
"SIGLEC8",31.7529986326694,0.516810151615199,0.257148960306669,2.0097695553537,0.0444555844135739,0.308065925410589
"PC",94.3553170967218,-0.26169866435802,0.261220163397498,-1.00183179182762,0.316424839794465,0.659831642672178
"IL17A",11.7362019693213,0.660954368682247,0.441254556577988,1.49789811533749,0.134159723431709,0.464468131230708
"GLI1",99.3410927547156,0.195299874591131,0.249864138087272,0.781624270238081,0.434435419166231,0.762055811689323
"GNG4",13.9731792430675,0.712251616373282,0.383925896862261,1.85517992454885,0.0635705374751774,0.34722428067557
"LDHB",503.89783772845,-0.222663185297701,0.211916980195915,-1.05070950469307,0.293392029341697,0.634765060800937
"KSHV_vIRF-1",19.9743204801618,0.106793123085225,0.466013922980044,0.229162945180498,0.818742271705895,0.947672383402617
"DTX4",320.001648279793,-0.0502150397320559,0.225569019353657,-0.222614966700398,0.823835186994332,0.951123027044958
"CD3G",57.802507635749,0.596067234114362,0.252581914907132,2.35989672630965,0.018280023205326,0.282645465721482
"S100A8",942.439874024284,1.54414036853281,0.718719842559519,2.1484593538336,0.0316772820293524,0.282645465721482
"ZC3H12A",92.0921874796593,0.0457597618016531,0.226782257210467,0.201778403498231,0.840089965787211,0.956209594344541
"IER3",176.849868436331,0.143303994440178,0.235115492528119,0.609504685970619,0.542189967681173,0.805490523437623
"CD4",208.917705684607,0.436324832689824,0.239811094766334,1.81945223641537,0.0688424635069729,0.34722428067557
"S100A12",93.701021506396,1.38350119045195,0.627751264204543,2.20390028557738,0.0275313574746425,0.282645465721482
"CD6",53.6208351799531,0.768665784476075,0.443664724469904,1.73253752683287,0.0831779015238917,0.366800909998801
"CD163",272.047933031472,0.0886256123906968,0.232836342387395,0.380634790436798,0.703474262145058,0.905428595775218
"DUSP2",26.294758623929,0.187097459613149,0.291943519201107,0.640868686262104,0.521608002171518,0.797787699817318
"HERC6",203.017559294382,-0.00219299004988851,0.34930000827662,-0.00627824219274518,0.994990720393348,0.996225200195325
"MRC1",631.80587122226,-0.134508118801992,0.279159915580179,-0.481831779188079,0.629925452040188,0.874956695002465
"DLL4",328.473487553755,-0.275487188550494,0.35690015236657,-0.771888682937695,0.440180360701873,0.763925916314863
"SAMSN1",50.0721603031221,0.487347585189132,0.250682985626122,1.94407922808124,0.0518858977250968,0.322091688185793
"CD28",232.572853715637,0.0388288463354024,0.241380801238388,0.160861369819777,0.872202588417048,0.963527996097178
"TAP2",761.125980197473,0.178339371038519,0.178494127371816,0.999132989216083,0.317730272209249,0.660428341232723
"ICOS",50.1714949098171,0.535074854210228,0.285852957998967,1.87185348004047,0.0612268770286634,0.345525103231688
"TNFSF12",433.249621494445,-0.188038664972338,0.135335049894043,-1.38943063987901,0.164701838584448,0.501069604218163
"IFITM2",12500.1976837163,-0.257067665492551,0.223931221071482,-1.14797599129999,0.250978475243332,0.606406076411284
"DNMT1",554.728401420541,-0.141981584371887,0.121576560050174,-1.1678368290178,0.242872589287652,0.606406076411284
"TNFSF8",74.2381474276665,0.487136646237785,0.228040833287113,2.13618166192394,0.0326646095729793,0.282645465721482
"TGFB2",73.6874056456519,-0.0165814649921666,0.276189644968065,-0.060036519450553,0.952126548819668,0.983823463377045
"TMEM140",309.25764192456,-0.0555646639783096,0.13678550290298,-0.406217492344352,0.68458280247371,0.893945504201107
"COL11A1",285.209438760607,1.03896974521682,0.458458972653222,2.2662218588591,0.0234378029403596,0.282645465721482
"GIMAP6",181.461428301708,0.0153884295299415,0.203737780649132,0.0755305642424894,0.939792580235405,0.977335840528314
"IRF4",211.578195785856,0.0288074850104383,0.326422188902611,0.0882522266861983,0.929676208316537,0.977095396440455
"BNIP3",93.0368701407564,1.07557526996163,0.433521580937729,2.48101897865179,0.0131007397576827,0.230026274809649
"FPR3",583.556390332576,0.389871202325382,0.21716623503054,1.79526620365526,0.072611296947021,0.352022359451134
"HLA-C",277.355573055861,0.106733207802969,0.50779725598441,0.210188626553441,0.833520455991008,0.951415852877997
"VEGFC",244.767303861939,-0.242150628404025,0.229516298332005,-1.05504763785334,0.291403538067103,0.634765060800937
"SIGLEC1",482.489808916855,-0.268967019902344,0.253932847739894,-1.05920530682131,0.289506288737932,0.634765060800937
"BID",200.417213701916,-0.041321444322241,0.16584638511646,-0.249154929082261,0.803240941556133,0.94354503615109
"MAPK10",29.3329601628247,0.539192100369065,0.286173262188808,1.88414562648178,0.0595452800030099,0.340360312901524
"FCN1",147.193998092942,-0.00739838756899609,0.33516784105874,-0.0220736796991794,0.982389181916894,0.992551090121595
"H2AFX",313.829786667544,-0.289707625004098,0.273134010079188,-1.06067942589832,0.288835613110823,0.634765060800937
"CBLC",248.969089433689,-0.518502971869257,0.289933841255538,-1.78834926486648,0.0737196762667184,0.352022359451134
"CASP3",361.697436559353,-0.304193506267522,0.22389619661785,-1.358636327292,0.174261857824501,0.512330163790563
"PIAS4",422.975892094889,-0.249366441258603,0.118560251828552,-2.10328872798961,0.0354405381832562,0.282645465721482
"HLA-DRA",9811.81122159417,0.637685785610274,0.216757614223535,2.94193026572367,0.00326173368664084,0.142117371807247
"ULBP2",83.0711929666222,0.483858210433635,0.36394650553675,1.32947618145155,0.183690918862778,0.531321044882658
"CASP1",310.542012229432,0.269564387622301,0.257495783490144,1.04686913303424,0.295159939838881,0.636882543983896
"MS4A2",192.880600885774,0.0600625044558792,0.294153658326473,0.204187514775755,0.838206967594989,0.955413874080729
"HSD11B1",35.8980323538836,-0.123538546900309,0.274010086325066,-0.450854012555408,0.652094769856121,0.881798228426233
"GAS1",161.689262149095,0.0420699763933584,0.221255857545264,0.190141751997467,0.849198053468531,0.959807883962332
"FUT4",229.01619605412,-0.0496814801312174,0.204946286405331,-0.242412199813956,0.808460782161599,0.94642930873579
"CSF1",22.9342448628043,0.0878944385836313,0.239966287129395,0.366278278649354,0.714157436226485,0.914801668309164
"FAM30A",76.624133878835,0.163632874336857,0.458945982337173,0.356540596572085,0.72143575524337,0.915327889482618
"ITPK1",174.00208559841,0.101950197957296,0.197909460633472,0.515135545471005,0.606458305381021,0.861291491001378
"BCAT1",195.488894433719,-0.083987439407845,0.286237979156027,-0.293418223729366,0.769202497623398,0.930840631113649
"CD80",31.1429559363095,0.336122112015969,0.21314834895213,1.57693978709381,0.114809380522458,0.434982019162553
"C1QB",13552.9689789082,-0.170666000374342,0.277801688484165,-0.614344719449287,0.538987557353527,0.80548696071166
"RELN",146.640377855863,-0.643430399696613,0.290681690130816,-2.21352228758216,0.0268616584024314,0.282645465721482
"ICAM5",18.6104898432744,0.313838361066394,0.347310618424948,0.903624434201435,0.36619458041946,0.701945430875306
"MAML2",293.829720658425,-0.325380499332525,0.177961560857981,-1.82837517137866,0.0674932650365867,0.34722428067557
"OLR1",31.0433145603083,0.323902178340051,0.293152328941488,1.10489375782752,0.269205627535618,0.616573035286289
"NFKBIE",52.4387784284656,0.16130434356234,0.180146127450865,0.895408332362491,0.370568848090605,0.705304387757355
"WNT11",63.6496147704143,-0.111983470937631,0.260443982038716,-0.429971428255094,0.667216425183005,0.889989512599479
"LILRA3",78.9138000704999,-0.317973588503323,0.523502965363627,-0.607395964380941,0.543588166029435,0.805490523437623
"TNFSF13B",113.99743205198,-0.00953470415640989,0.153345466075254,-0.0621779332669068,0.950421135183478,0.983802887734144
"KSHV_K15_2",12.6971166131239,0.229539768341464,0.38311859815648,0.599135018362411,0.549082851369341,0.808594636961785
"TDO2",43.3184654694218,0.500894015270877,0.34623292891854,1.4466966410024,0.147981905659693,0.483487440758593
"MAP3K5",107.107519621832,0.110010321372376,0.182164033556814,0.603908023029506,0.545904794421065,0.806859284061904
"HLA-F",156.632842157811,-0.0673961816566583,0.214460505198643,-0.314259176039116,0.753324201472195,0.930840631113649
"CD3E",89.3705254671517,0.740571707649444,0.251666281655742,2.94267353885127,0.00325391354896697,0.142117371807247
"RRM2",229.60325892502,-0.545185740171333,0.294665600324638,-1.85018454672243,0.0642869554586849,0.34722428067557
"C7",122.334362640667,-0.52733071462227,0.380304972465717,-1.38659957876256,0.165563896846796,0.501069604218163
"TNFRSF14",1889.23736325471,-0.283624062022528,0.14860034818546,-1.908636591272,0.0563089881732475,0.332802632937065
"FCGRT",2922.61022969103,-0.14783464885677,0.190821907106892,-0.77472576968827,0.438501720246502,0.762652776376998
"WNT2",28.0500329060647,0.62017989577471,0.285110180105342,2.17522887308186,0.0296129695285593,0.282645465721482
"MICB",46.137402871012,0.234441327640088,0.228461345661113,1.02617502738448,0.304809090252425,0.645619254156711
"HMGA1",1508.27103584363,-0.458894269467646,0.23274722496483,-1.97164228074895,0.0486504569678978,0.314087350184748
"IL21R",55.1245650243636,0.417468102282714,0.217565157211198,1.91881874668683,0.0550072764979058,0.331275165177687
"CD300A",155.077800041721,-0.013922012075991,0.207049416787503,-0.0672400448743082,0.946390606044033,0.981667376706343
"TWIST1",77.3020149824172,-0.100182582605048,0.252348040951528,-0.397001626116414,0.691366261474174,0.898638152629368
"IL1RN",481.982464398704,-0.0615560887831077,0.288473940474649,-0.213385266904264,0.831026471189552,0.951415852877997
"CXCL1",43.9553456557418,0.593585267050183,0.331496925081367,1.79062073322244,0.0733541776136158,0.352022359451134
"SFXN1",286.687832853499,-0.221003472685596,0.192328785540322,-1.14909202002558,0.250518038553342,0.606406076411284
"GNLY",148.82627989281,0.100678376900831,0.328995366849302,0.306017613150604,0.759591235333927,0.930840631113649
"NID2",514.302568476527,0.076155951283348,0.227810730096488,0.334294838750978,0.738157084722995,0.92350001864658
"NECTIN1",2359.57785674071,-0.15993895177635,0.245517261858711,-0.651436687447216,0.514764634440624,0.797787699817318
"SERPINA1",185.908929025755,0.623606957498711,0.451864218357855,1.3800759877934,0.167563249675498,0.501069604218163
"KSHV_ORF63",34.7678560362907,-0.246477519986049,0.384089645038529,-0.641718731993736,0.521055824441623,0.797787699817318
"PDGFB",135.101107416701,-0.0671927871330522,0.172783656736946,-0.388883928040425,0.69736201179473,0.901876832561454
"HLA-B",18242.728684329,0.264641504440498,0.274504961854585,0.964068199906302,0.335011734581051,0.671816431655344
"VCAM1",304.258989012423,-0.0697774136035259,0.196495727819629,-0.355109062053387,0.722507887980703,0.915327889482618
"HLA-DPB1",15901.2667535021,-0.444330611561717,0.699952795415316,-0.634800824387127,0.525558325568375,0.797787699817318
"HLA-DOA",127.167141322472,0.346731473969489,0.195468863448758,1.77384504034006,0.0760887856777253,0.354082120301116
"GBP2",2771.20814373985,-0.419807229936215,0.23915471234243,-1.75537929327991,0.0791944515236253,0.35703867251154
"ATM",85.0854008747021,-0.200450144969,0.179270641360175,-1.1181426219493,0.263506085377984,0.613563067155031
"PSMB8",364.717128699586,0.0937217615139426,0.182237385844309,0.51428394387753,0.607053485671397,0.861291491001378
"MLH1",1092.3003432349,-0.244556161425865,0.133782089226095,-1.82801870445122,0.0675467445205614,0.34722428067557
"PLA1A",14.4707033915297,0.255816205285165,0.313994095274,0.814716611348796,0.415234542648779,0.750809365370772
"NT5E",205.437869942399,0.0152693240758945,0.143928613047495,0.106089565879828,0.915511289646728,0.971632455999348
"PALMD",593.844646352333,-0.36575483808581,0.240043930327817,-1.52369958943063,0.127583772082248,0.451656955685197
"UBA7",42.2536876327751,-0.19331037043217,0.227788586959715,-0.848639402931794,0.396081974443155,0.723039335944539
"PIK3CD",87.6062801052542,0.108037822730132,0.167329043647205,0.645660910833372,0.518498980786762,0.797787699817318
"NOD2",223.813794227181,0.193316903095111,0.257007870267716,0.752182814066123,0.451941127280954,0.767511726018606
"CEACAM3",17.3518604727545,0.172414962772113,0.378208124262989,0.455873239391925,0.648481133992443,0.881798228426233
"RIPK3",201.074301244047,0.0141318358448421,0.15358060274267,0.092015759753987,0.926685518240279,0.976286179138258
"IL1R2",359.127491070685,0.0164012724961187,0.317078982696717,0.0517261420376335,0.958746906784576,0.988133785153452
"JAK1",2618.41161009964,-0.339184410652811,0.171813342564607,-1.97414476425349,0.0483652845717741,0.314087350184748
"KSHV_K4.1",20.0311233295791,0.144112134710902,0.405427222361641,0.355457469953396,0.722246901276776,0.915327889482618
"ENO1",4189.33131144218,-0.224262069878037,0.176932581544179,-1.26750012869755,0.204976517623053,0.560786647204025
"LILRA1",71.7895025143065,0.518223153123971,0.251316169531468,2.06203665323286,0.0392042465022436,0.292942841919543
"BBS1",166.042557320076,-0.192885699792282,0.200323160742267,-0.962872685702308,0.335611418469653,0.671816431655344
"MYD88",2322.74497080028,-0.107846073068104,0.151426146871479,-0.712202451797425,0.476339418930548,0.777588017543002
"CXCR3",352.079278116931,0.653033097907006,0.264867418324927,2.46550935572565,0.0136818602117263,0.230026274809649
"CD1C",56.0383786496661,0.327374552564685,0.411533406008678,0.795499339263315,0.426323095154849,0.754649406623209
"TLR9",119.734912941797,0.123946643117246,0.2567693832687,0.482715818916542,0.629297529624419,0.874956695002465
"CCL7",32.6626054644404,0.683400753470457,0.402100779470598,1.69957579880898,0.0892107457533715,0.380915723931062
"CPA3",941.093033840792,0.0310006541445001,0.320352150931283,0.0967705509526915,0.922908611080756,0.973578103453817
"SH2D1A",86.1568577794862,0.719078216743377,0.266837715379874,2.69481477054204,0.00704277703138375,0.170074624486406
"CCR4",36.3212104689529,0.991020168432513,0.276766403155339,3.58070978678827,0.000342662090606928,0.0460880511866319
"HDAC4",188.845796757114,0.0635059400255246,0.175518350386733,0.36181937606864,0.717487011771821,0.915327889482618
"POLD1",52.700499780266,-0.11508206884316,0.171554799707661,-0.670818123650671,0.502336400377226,0.793317955194563
"PTPN11",1082.09107897635,-0.247528133662766,0.137334826580277,-1.8023697253375,0.0714872550946831,0.349724515191128
"JAK2",76.0896531693636,0.107410172576414,0.215734115369169,0.497882184246157,0.618567085137696,0.871175632994975
"WNT10A",216.062101598017,0.182059423948457,0.405471344169246,0.449006881907947,0.65342669219193,0.881798228426233
"ITGB2",321.194193079469,0.088073852203311,0.194486268502303,0.452853833237425,0.650653996462276,0.881798228426233
"TYMS",242.891955278753,-0.304064850661706,0.296206626739062,-1.02652953449811,0.30464204954199,0.645619254156711
"KAT2B",736.93820264239,-0.181955436216842,0.14743860450097,-1.23410986445986,0.217161968226218,0.573088508694883
"ITGA6",413.244926774038,-0.41496457783986,0.297926728339007,-1.39284105240694,0.163667861215136,0.501069604218163
"TBX21",90.042238433708,0.401310658470982,0.227109629178576,1.76703497743565,0.0772223707224242,0.354082120301116
"BRCA1",99.8016703361499,-0.315201513535062,0.228206947702275,-1.38120910300366,0.167214676661135,0.501069604218163
"COL17A1",381.328224668358,-0.00508245758836426,0.392767011566358,-0.0129401335618676,0.989675555350041,0.996225200195325
"BIRC3",66.6287276201579,0.384857947973897,0.216137521369554,1.78061608893841,0.0749751895929487,0.35336772555411
"KRAS",61.1816387965747,0.00339766257562105,0.156795422791115,0.021669398985884,0.982711674110476,0.992551090121595
"IL11RA",381.691300816251,-0.145252184900812,0.186894955051204,-0.777186226674856,0.43704890708093,0.762652776376998
"SIRPA",413.969585439378,-0.109991566273003,0.149993914325933,-0.733306859596947,0.463371292206768,0.771992143967321
"CEBPB",96.944751215976,-0.064806837641258,0.251427298516677,-0.257755772836096,0.796595399482642,0.93984281781066
"VTCN1",18.0469751969398,-0.813262888195527,0.378363741544754,-2.14942077926178,0.0316010597281851,0.282645465721482
"SGK1",275.179835113017,-0.0567422617469744,0.193868959071968,-0.292683583893957,0.769764018846125,0.930840631113649
"NLRC5",398.680815946463,-0.0172751394543473,0.169154215125817,-0.102126568004811,0.918656213045233,0.971632455999348
"CCL8",332.437267082476,0.304469762999147,0.271024325668226,1.12340382085062,0.261266027811985,0.613563067155031
"TRAF1",65.6616559318512,0.535233461275739,0.198335284954994,2.69862955246311,0.00696256319520099,0.170074624486406
"ADAM12",751.363845998094,0.324555111454633,0.317745206993078,1.02143196596417,0.307049826937571,0.648662854289582
"MMRN2",400.674493482627,-0.169784403408221,0.215399682905757,-0.788229588446081,0.430562424896775,0.760314829084677
"PTGS2",51.559581689023,0.505627980685094,0.323803372042063,1.56152784171566,0.118399259970155,0.44223251620226
"SMAD5",114.913349947981,-0.296163397515358,0.176900152791123,-1.67418395542629,0.0940944517670502,0.391413518433039
"KSHV_K12",858.07294829823,0.291506298791961,0.709173357978415,0.411050831947403,0.681035261942714,0.892123022529902
"LCK",43.601084792249,0.596319903639039,0.26269111898045,2.27004211620652,0.0232050278106748,0.282645465721482
"ITGB3",41.3293734940414,-0.274303493732756,0.240099655622745,-1.14245683952064,0.253264176582366,0.608672904035139
"FCGR2B",104.098815197531,0.237441314618783,0.251559134648291,0.943878722395646,0.345231626311666,0.676218258333774
"NRAS",394.891361014865,-0.473490750828324,0.159179763053598,-2.974566249787,0.00293403092374944,0.142117371807247
"IL34",28.4889720316086,-0.123511680106339,0.254757946473335,-0.484819735031373,0.627804222361458,0.874956695002465
"LAMA1",55.2873042562885,-0.165407541976546,0.245849196730159,-0.672800823336004,0.501074013890523,0.792875939626768
"CLEC4E",37.6834264870171,1.0748152509177,0.415141309684672,2.58903468733115,0.00962453989558521,0.194175092393432
"IL18R1",28.9830851987166,-0.0250442886874978,0.234565608736393,-0.106768800517738,0.914972399535619,0.971632455999348
"MFNG",50.8301863627964,0.343725310637896,0.251452849179404,1.36695731131946,0.17163868639406,0.507371501538486
"TTC30A",68.8884578897808,0.114586423338444,0.251706455322994,0.455238317950187,0.648937796388197,0.881798228426233
"TNFRSF10C",86.5828731925839,0.225417306902762,0.301460423422367,0.747750913183509,0.454610415163437,0.767511726018606
"POS_C",2112.29914990976,0.940013831658013,0.461322764141583,2.03764891898878,0.0415850560548477,0.302334596723082
"POS_A",21278.3002453391,1.17233275878795,0.482542804029284,2.42948967220906,0.0151200956900871,0.249018718814292
"POS_F",44.6728020247417,0.648891984548899,0.4363809289285,1.48698520382686,0.137018718860922,0.466638752312655
"POS_D",475.06956036435,0.79952640842493,0.434189493530586,1.84142274361277,0.0655596324084135,0.34722428067557
"POS_B",7273.45251535369,1.10249297271971,0.476546051454698,2.313507727856,0.0206947403726395,0.282645465721482
"POS_E",68.2130312108376,0.796489068870445,0.403915243462209,1.97192129230688,0.0486185922251001,0.314087350184748
"NEG_C",4.65904382184106,-0.242964569228902,0.371951888566627,-0.653215043927328,0.513617652989779,0.797787699817318
"NEG_D",6.508386364019,0.326930149620421,0.33211308957875,0.984394050939389,0.324921801981891,0.666495953896104
"NEG_E",7.50940339426815,0.191618741760217,0.356636599820871,0.537294102334035,0.591064478613585,0.845725238016247
"NEG_A",17.2769880885805,0.537956667351011,0.403897229654974,1.33191472447225,0.182888211946529,0.530902111657731
"NEG_H",5.81086946227881,0.213409064967247,0.305081158550188,0.699515715691566,0.48422979506379,0.781649214202877
"NEG_G",3.6731844700198,0.146918603905578,0.44750469538046,0.328306284653999,0.742680092829756,0.924911782274095
"NEG_F",19.2251584411949,0.239297771961706,0.376686888180379,0.635269714636621,0.525252522148568,0.797787699817318
"NEG_B",13.1572901849341,1.14810188365888,0.425579580715052,2.69773724042367,0.0069812520608501,0.170074624486406
"UBB",13418.0821472495,-0.386687499841055,0.20550959464498,-1.88160314611618,0.0598899187509497,0.340360312901524
"PUM1",542.937512981411,-0.341004469606746,0.162719652233973,-2.09565633237968,0.0361126881724013,0.282645465721482
"TLK2",212.078126159443,0.0733645543722849,0.117397741113098,0.624923049427397,0.532021563660724,0.800272142378989
"DNAJC14",321.779371190386,-0.022646750983826,0.165077603200079,-0.137188513431331,0.890881790018529,0.964260378655279
"SF3A1",829.902559340125,-0.317982368486934,0.13842472647368,-2.2971500582838,0.0216102109719363,0.282645465721482
"POLR2A",1625.53857488356,-0.0745938277914807,0.107509367033381,-0.693835614977807,0.48778530476217,0.78340265651944
"SDHA",1468.43678716106,0.0443311291631437,0.205517785707447,0.215704587369624,0.829218025193886,0.951415852877997
"STK11IP",106.103579873486,-0.17056667931731,0.156704803877047,-1.08845852263176,0.27639273770966,0.626541964414876
"NRDE2",143.966820800876,-0.0677638246183016,0.158428515022382,-0.427724924447649,0.668851401371982,0.890698153312194
"TBP",472.478933810786,-0.19803049923632,0.094654109434813,-2.09214898770666,0.0364251901301538,0.282645465721482
"OAZ1",1771.10608560149,-0.219898514869487,0.148688109213639,-1.47892468357056,0.139160445433799,0.467491528059281
"TBC1D10B",768.047742168069,-0.0542282600770303,0.178873340085502,-0.303165692836669,0.761763592574854,0.930840631113649
"GUSB",683.291203548605,-0.0716080346253649,0.183666262654038,-0.389881263932773,0.696624348983054,0.901876832561454
"PSMC4",823.080082407448,-0.178220193585238,0.106959483135745,-1.66624022817177,0.0956655764627161,0.393015453199253
"TFRC",65.6640607513429,0.0577047023253129,0.253127620862941,0.227966833996981,0.819672024306105,0.947672383402617
"ABCF1",950.782019526251,-0.14679250187084,0.0956960561157284,-1.53394515750282,0.125043145337538,0.451656955685197
"TMUB2",313.054514448747,-0.117130509903921,0.110426550192314,-1.06070967262792,0.288821862816208,0.634765060800937
"MRPL19",152.354454738515,0.118684829305887,0.146168150161397,0.811974627679402,0.416806190441271,0.750809365370772
"G6PD",264.926088184311,0.0959217685582266,0.151959138155422,0.631233960146043,0.527887560052889,0.797787699817318
"ERCC3",510.061453258277,-0.309933536888231,0.121312319345498,-2.5548397603836,0.0106236692053792,0.20910490362783
